鳥種,數量,結群,飛過,備註,組別,樣點編號,"棲地類型
(其他說明)",X座標,Y座標,調查者,"調查旅次
編號",天氣代號,"開始時間
（時）","開始時間
（分）",年,月,日,
紅嘴黑鵯,3,N,FALSE,,6,G3,G2,121.54222,25.01647,藍彥龍、曾欣婕、林秩緯,1,C,8,38,2024,3,15,
台灣藍鵲,1,N,FALSE,,6,G3,G2,121.54222,25.01647,藍彥龍、曾欣婕、林秩緯,1,C,8,38,2024,3,15,
白頭翁,2,N,FALSE,,6,G3,G2,121.54222,25.01647,藍彥龍、曾欣婕、林秩緯,1,C,8,38,2024,3,15,
白尾八哥,5,Y,FALSE,,6,G3,G2,121.54222,25.01647,藍彥龍、曾欣婕、林秩緯,1,C,8,38,2024,3,15,
鵲鴝,1,N,FALSE,,6,G3,G2,121.54222,25.01647,藍彥龍、曾欣婕、林秩緯,1,C,8,38,2024,3,15,
斯氏繡眼,5,Y,FALSE,,6,G3,G2,121.54222,25.01647,藍彥龍、曾欣婕、林秩緯,1,C,8,38,2024,3,15,
五色鳥,4,N,FALSE,,6,G1,G2,121.54254,25.01799,藍彥龍、曾欣婕、林秩緯,1,C,8,50,2024,3,15,
紅嘴黑鵯,1,N,FALSE,,6,G1,G2,121.54254,25.01799,藍彥龍、曾欣婕、林秩緯,1,C,8,50,2024,3,15,
紅尾伯勞,1,N,FALSE,,6,G1,G2,121.54254,25.01799,藍彥龍、曾欣婕、林秩緯,1,C,8,50,2024,3,15,
喜鵲,1,N,FALSE,,6,G1,G2,121.54254,25.01799,藍彥龍、曾欣婕、林秩緯,1,C,8,50,2024,3,15,
黑領椋鳥,2,N,FALSE,,6,G1,G2,121.54254,25.01799,藍彥龍、曾欣婕、林秩緯,1,C,8,50,2024,3,15,
洋燕,1,N,FALSE,,6,G1,G2,121.54254,25.01799,藍彥龍、曾欣婕、林秩緯,1,C,8,50,2024,3,15,
白頭翁,4,N,FALSE,,6,G1,G2,121.54254,25.01799,藍彥龍、曾欣婕、林秩緯,1,C,8,50,2024,3,15,
黑領椋鳥,1,N,FALSE,,6,G2,G2,121.54193,25.01773,藍彥龍、曾欣婕、林秩緯,1,C,8,59,2024,3,15,
金背鳩,1,N,FALSE,,6,G2,G2,121.54193,25.01773,藍彥龍、曾欣婕、林秩緯,1,C,8,59,2024,3,15,
黑冠麻鷺,1,N,FALSE,,6,G2,G2,121.54193,25.01773,藍彥龍、曾欣婕、林秩緯,1,C,8,59,2024,3,15,
紅嘴黑鵯,1,N,FALSE,,6,G2,G2,121.54193,25.01773,藍彥龍、曾欣婕、林秩緯,1,C,8,59,2024,3,15,
野鴿,20,Y,FALSE,,6,G2,G2,121.54193,25.01773,藍彥龍、曾欣婕、林秩緯,1,C,8,59,2024,3,15,
家燕,1,N,FALSE,,6,G2,G2,121.54193,25.01773,藍彥龍、曾欣婕、林秩緯,1,C,8,59,2024,3,15,
喜鵲,3,N,FALSE,,6,H1,G2,121.53977,25.01728,藍彥龍、王志惠、林秩緯,1,C,9,17,2024,3,15,
灰鶺鴒,1,N,FALSE,,6,H1,G2,121.53977,25.01728,藍彥龍、王志惠、林秩緯,1,C,9,17,2024,3,15,
白頭翁,2,N,FALSE,,6,H1,G2,121.53977,25.01728,藍彥龍、王志惠、林秩緯,1,C,9,17,2024,3,15,
麻雀,3,N,TRUE,飛過,6,H1,G2,121.53977,25.01728,藍彥龍、王志惠、林秩緯,1,C,9,17,2024,3,15,
白尾八哥,1,N,FALSE,,6,H1,G2,121.53977,25.01728,藍彥龍、王志惠、林秩緯,1,C,9,17,2024,3,15,
白尾八哥,3,N,FALSE,,6,H3,"B1,B4",121.54113,25.0154,藍彥龍、王志惠、林秩緯,1,C,9,29,2024,3,15,當天有台大農場一百周年慶活動舉辦中
黑領椋鳥,2,N,FALSE,,6,H3,"B1,B4",121.54113,25.0154,藍彥龍、王志惠、林秩緯,1,C,9,29,2024,3,15,
白頭翁,4,N,FALSE,,6,H3,"B1,B4",121.54113,25.0154,藍彥龍、王志惠、林秩緯,1,C,9,29,2024,3,15,
金背鳩,3,N,FALSE,,6,H3,"B1,B4",121.54113,25.0154,藍彥龍、王志惠、林秩緯,1,C,9,29,2024,3,15,
斯氏繡眼,2,N,FALSE,,6,H3,"B1,B4",121.54113,25.0154,藍彥龍、王志惠、林秩緯,1,C,9,29,2024,3,15,
白腰文鳥,20,Y,FALSE,,6,H3,"B1,B4",121.54113,25.0154,藍彥龍、王志惠、林秩緯,1,C,9,29,2024,3,15,
白尾八哥,3,N,TRUE,飛過,6,H3,"B1,B4",121.54113,25.0154,藍彥龍、王志惠、林秩緯,1,C,9,29,2024,3,15,
翠鳥,1,N,FALSE,,6,H2,"D2,G2",121.53967,25.01611,藍彥龍、王志惠、林秩緯,1,C,9,41,2024,3,15,
夜鷺,4,N,FALSE,,6,H2,"D2,G2",121.53967,25.01611,藍彥龍、王志惠、林秩緯,1,C,9,41,2024,3,15,
野鴿,12,Y,TRUE,飛過,6,H2,"D2,G2",121.53967,25.01611,藍彥龍、王志惠、林秩緯,1,C,9,41,2024,3,15,
白尾八哥,3,N,TRUE,飛過,6,H2,"D2,G2",121.53967,25.01611,藍彥龍、王志惠、林秩緯,1,C,9,41,2024,3,15,
黑冠麻鷺,1,N,FALSE,,6,H2,"D2,G2",121.53967,25.01611,藍彥龍、王志惠、林秩緯,1,C,9,41,2024,3,15,
金背鳩,1,N,FALSE,,6,H2,"D2,G2",121.53967,25.01611,藍彥龍、王志惠、林秩緯,1,C,9,41,2024,3,15,
綠鳩,1,N,FALSE,,6,H2,"D2,G2",121.53967,25.01611,藍彥龍、王志惠、林秩緯,1,C,9,41,2024,3,15,
五色鳥,2,N,FALSE,,6,H2,"D2,G2",121.53967,25.01611,藍彥龍、王志惠、林秩緯,1,C,9,41,2024,3,15,
野鴿,5,Y,TRUE,飛過,6,H2,"D2,G2",121.53967,25.01611,藍彥龍、王志惠、林秩緯,1,C,9,41,2024,3,15,
白頭翁,1,N,FALSE,,6,G3,G2,121.54222,25.01647,曾欣婕、林秩緯,2,A,16,37,2024,3,18,
紅嘴黑鵯,1,N,FALSE,,6,G3,G2,121.54222,25.01647,曾欣婕、林秩緯,2,A,16,37,2024,3,18,
白尾八哥,1,N,FALSE,,6,G3,G2,121.54222,25.01647,曾欣婕、林秩緯,2,A,16,37,2024,3,18,
黑領椋鳥,1,N,FALSE,,6,G3,G2,121.54222,25.01647,曾欣婕、林秩緯,2,A,16,37,2024,3,18,
白尾八哥,5,Y,TRUE,飛過,6,G3,G2,121.54222,25.01647,曾欣婕、林秩緯,2,A,16,37,2024,3,18,
白尾八哥,5,Y,FALSE,,6,G3,G2,121.54222,25.01647,曾欣婕、林秩緯,2,A,16,37,2024,3,18,
麻雀,7,Y,TRUE,飛過,6,G3,G2,121.54222,25.01647,曾欣婕、林秩緯,2,A,16,37,2024,3,18,
紅嘴黑鵯,3,N,FALSE,,6,G3,G2,121.54222,25.01647,曾欣婕、林秩緯,2,A,16,37,2024,3,18,
黑領椋鳥,1,N,FALSE,,6,G3,G2,121.54222,25.01647,曾欣婕、林秩緯,2,A,16,37,2024,3,18,
白頭翁,1,N,FALSE,,6,G3,G2,121.54222,25.01647,曾欣婕、林秩緯,2,A,16,37,2024,3,18,
黑領椋鳥,1,N,FALSE,,6,G3,G2,121.54222,25.01647,曾欣婕、林秩緯,2,A,16,37,2024,3,18,
黑領椋鳥,1,N,FALSE,,6,G3,G2,121.54222,25.01647,曾欣婕、林秩緯,2,A,16,37,2024,3,18,
野鴿,1,N,FALSE,,6,H2,"D2,G2",121.53967,25.01611,曾欣婕、林秩緯,2,A,16,23,2024,3,18,
鵲鴝,1,N,FALSE,,6,H2,"D2,G2",121.53967,25.01611,曾欣婕、林秩緯,2,A,16,23,2024,3,18,
五色鳥,1,N,FALSE,,6,H2,"D2,G2",121.53967,25.01611,曾欣婕、林秩緯,2,A,16,23,2024,3,18,
夜鷺,1,N,TRUE,飛過,6,H2,"D2,G2",121.53967,25.01611,曾欣婕、林秩緯,2,A,16,23,2024,3,18,
五色鳥,2,N,FALSE,,6,H2,"D2,G2",121.53967,25.01611,曾欣婕、林秩緯,2,A,16,23,2024,3,18,
白頭翁,1,N,FALSE,,6,H2,"D2,G2",121.53967,25.01611,曾欣婕、林秩緯,2,A,16,23,2024,3,18,
斯氏繡眼,2,N,FALSE,,6,H2,"D2,G2",121.53967,25.01611,曾欣婕、林秩緯,2,A,16,23,2024,3,18,
野鴿,10,Y,TRUE,飛過,6,H2,"D2,G2",121.53967,25.01611,曾欣婕、林秩緯,2,A,16,23,2024,3,18,
紅嘴黑鵯,2,N,FALSE,,6,H2,"D2,G2",121.53967,25.01611,曾欣婕、林秩緯,2,A,16,23,2024,3,18,
野鴿,2,N,TRUE,飛過,6,H2,"D2,G2",121.53967,25.01611,曾欣婕、林秩緯,2,A,16,23,2024,3,18,
夜鷺,1,N,FALSE,,6,H2,"D2,G2",121.53967,25.01611,曾欣婕、林秩緯,2,A,16,23,2024,3,18,
XX八哥,2,N,TRUE,飛過,6,H2,"D2,G2",121.53967,25.01611,曾欣婕、林秩緯,2,A,16,23,2024,3,18,
白頭翁,4,N,FALSE,,6,H2,"D2,G2",121.53967,25.01611,曾欣婕、林秩緯,2,A,16,23,2024,3,18,
野鴿,4,N,FALSE,,6,H2,"D2,G2",121.53967,25.01611,曾欣婕、林秩緯,2,A,16,23,2024,3,18,
野鴿,5,Y,FALSE,,6,H2,"D2,G2",121.53967,25.01611,曾欣婕、林秩緯,2,A,16,23,2024,3,18,
夜鷺,1,N,FALSE,,6,H2,"D2,G2",121.53967,25.01611,曾欣婕、林秩緯,2,A,16,23,2024,3,18,
白尾八哥,2,N,FALSE,,6,H2,"D2,G2",121.53967,25.01611,曾欣婕、林秩緯,2,A,16,23,2024,3,18,
白尾八哥,1,N,FALSE,,6,H2,"D2,G2",121.53967,25.01611,曾欣婕、林秩緯,2,A,16,23,2024,3,18,
金背鳩,1,N,FALSE,,6,H3,"B1,B4",121.54113,25.0154,曾欣婕、林秩緯,2,A,16,53,2024,3,18,
白頭翁,1,N,FALSE,,6,H3,"B1,B4",121.54113,25.0154,曾欣婕、林秩緯,2,A,16,53,2024,3,18,
白尾八哥,2,N,FALSE,,6,H3,"B1,B4",121.54113,25.0154,曾欣婕、林秩緯,2,A,16,53,2024,3,18,
麻雀,1,N,FALSE,,6,H3,"B1,B4",121.54113,25.0154,曾欣婕、林秩緯,2,A,16,53,2024,3,18,
XX鳩鴿,1,N,FALSE,,6,H3,"B1,B4",121.54113,25.0154,曾欣婕、林秩緯,2,A,16,53,2024,3,18,
大卷尾,1,N,FALSE,,6,H3,"B1,B4",121.54113,25.0154,曾欣婕、林秩緯,2,A,16,53,2024,3,18,
喜鵲,1,N,FALSE,,6,H3,"B1,B4",121.54113,25.0154,曾欣婕、林秩緯,2,A,16,53,2024,3,18,
夜鷺,1,N,FALSE,,6,H3,"B1,B4",121.54113,25.0154,曾欣婕、林秩緯,2,A,16,53,2024,3,18,
斯氏繡眼,1,N,FALSE,,6,H3,"B1,B4",121.54113,25.0154,曾欣婕、林秩緯,2,A,16,53,2024,3,18,
XX鳩鴿,1,N,TRUE,飛過,6,H3,"B1,B4",121.54113,25.0154,曾欣婕、林秩緯,2,A,16,53,2024,3,18,
黑領椋鳥,1,N,FALSE,,6,H3,"B1,B4",121.54113,25.0154,曾欣婕、林秩緯,2,A,16,53,2024,3,18,
白頭翁,1,N,FALSE,,6,H3,"B1,B4",121.54113,25.0154,曾欣婕、林秩緯,2,A,16,53,2024,3,18,
金背鳩,1,N,FALSE,,6,H3,"B1,B4",121.54113,25.0154,曾欣婕、林秩緯,2,A,16,53,2024,3,18,
黑冠麻鷺,1,N,TRUE,飛過,6,H3,"B1,B4",121.54113,25.0154,曾欣婕、林秩緯,2,A,16,53,2024,3,18,
紅冠水雞,1,N,FALSE,,6,H3,"B1,B4",121.54113,25.0154,曾欣婕、林秩緯,2,A,16,53,2024,3,18,
白尾八哥,3,N,TRUE,飛過,6,H3,"B1,B4",121.54113,25.0154,曾欣婕、林秩緯,2,A,16,53,2024,3,18,
白頭翁,1,N,FALSE,,6,H3,"B1,B4",121.54113,25.0154,曾欣婕、林秩緯,2,A,16,53,2024,3,18,
黃頭鶺鴒,1,N,FALSE,,6,H1,G2,121.53977,25.01728,曾欣婕、藍彥龍,3,A,8,6,2024,3,22,
野鴿,6,Y,TRUE,飛過,6,H1,G2,121.53977,25.01728,曾欣婕、藍彥龍,3,A,8,6,2024,3,22,
喜鵲,1,N,TRUE,飛過,6,H1,G2,121.53977,25.01728,曾欣婕、藍彥龍,3,A,8,6,2024,3,22,
白尾八哥,2,N,TRUE,飛過,6,H1,G2,121.53977,25.01728,曾欣婕、藍彥龍,3,A,8,6,2024,3,22,
黑領椋鳥,2,N,TRUE,飛過,6,H1,G2,121.53977,25.01728,曾欣婕、藍彥龍,3,A,8,6,2024,3,22,
五色鳥,3,N,FALSE,,6,H1,G2,121.53977,25.01728,曾欣婕、藍彥龍,3,A,8,6,2024,3,22,
麻雀,2,N,FALSE,,6,H1,G2,121.53977,25.01728,曾欣婕、藍彥龍,3,A,8,6,2024,3,22,
白頭翁,1,N,FALSE,,6,H1,G2,121.53977,25.01728,曾欣婕、藍彥龍,3,A,8,6,2024,3,22,
麻雀,6,N,FALSE,,6,H1,G2,121.53977,25.01728,曾欣婕、藍彥龍,3,A,8,6,2024,3,22,
金背鳩,1,N,FALSE,,6,H3,"B1,B4",121.54113,25.0154,曾欣婕、藍彥龍,3,A,8,45,2024,3,22,
翠鳥,1,N,FALSE,,6,H3,"B1,B4",121.54113,25.0154,曾欣婕、藍彥龍,3,A,8,45,2024,3,22,
五色鳥,2,N,FALSE,,6,H3,"B1,B4",121.54113,25.0154,曾欣婕、藍彥龍,3,A,8,45,2024,3,22,
夜鷺,1,N,FALSE,,6,H3,"B1,B4",121.54113,25.0154,曾欣婕、藍彥龍,3,A,8,45,2024,3,22,
紅冠水雞,1,N,FALSE,,6,H3,"B1,B4",121.54113,25.0154,曾欣婕、藍彥龍,3,A,8,45,2024,3,22,
野鴿,1,N,FALSE,,6,H3,"B1,B4",121.54113,25.0154,曾欣婕、藍彥龍,3,A,8,45,2024,3,22,
白頭翁,1,N,FALSE,,6,H3,"B1,B4",121.54113,25.0154,曾欣婕、藍彥龍,3,A,8,45,2024,3,22,
黑領椋鳥,1,N,FALSE,,6,H3,"B1,B4",121.54113,25.0154,曾欣婕、藍彥龍,3,A,8,45,2024,3,22,
金背鳩,1,N,TRUE,飛過,6,H3,"B1,B4",121.54113,25.0154,曾欣婕、藍彥龍,3,A,8,45,2024,3,22,
野鴿,1,N,FALSE,,6,H3,"B1,B4",121.54113,25.0154,曾欣婕、藍彥龍,3,A,8,45,2024,3,22,
紅冠水雞,1,N,FALSE,,6,H3,"B1,B4",121.54113,25.0154,曾欣婕、藍彥龍,3,A,8,45,2024,3,22,
金背鳩,2,N,FALSE,,6,H2,"D2,G2",121.53967,25.01611,曾欣婕、藍彥龍,3,A,8,29,2024,3,22,
白頭翁,3,N,FALSE,,6,H2,"D2,G2",121.53967,25.01611,曾欣婕、藍彥龍,3,A,8,29,2024,3,22,
野鴿,13,Y,FALSE,,6,H2,"D2,G2",121.53967,25.01611,曾欣婕、藍彥龍,3,A,8,29,2024,3,22,
白頭翁,3,N,FALSE,,6,H2,"D2,G2",121.53967,25.01611,曾欣婕、藍彥龍,3,A,8,29,2024,3,22,
麻雀,2,N,TRUE,飛過,6,H2,"D2,G2",121.53967,25.01611,曾欣婕、藍彥龍,3,A,8,29,2024,3,22,
黑領椋鳥,1,N,FALSE,,6,H2,"D2,G2",121.53967,25.01611,曾欣婕、藍彥龍,3,A,8,29,2024,3,22,
金背鳩,1,N,TRUE,飛過,6,H2,"D2,G2",121.53967,25.01611,曾欣婕、藍彥龍,3,A,8,29,2024,3,22,
黑冠麻鷺,1,N,FALSE,,6,G1,G2,121.54222,25.01647,王志惠、林秩緯,3,A,8,30,2024,3,22,
喜鵲,1,N,TRUE,飛過,6,G1,G2,121.54222,25.01647,王志惠、林秩緯,3,A,8,30,2024,3,22,
斯氏繡眼,2,N,TRUE,飛過,6,G1,G2,121.54222,25.01647,王志惠、林秩緯,3,A,8,30,2024,3,22,
白頭翁,1,N,TRUE,飛過,6,G1,G2,121.54222,25.01647,王志惠、林秩緯,3,A,8,30,2024,3,22,
五色鳥,1,N,FALSE,,6,G1,G2,121.54222,25.01647,王志惠、林秩緯,3,A,8,30,2024,3,22,
XX鳩鴿,2,N,TRUE,飛過,6,G1,G2,121.54222,25.01647,王志惠、林秩緯,3,A,8,30,2024,3,22,
喜鵲,1,N,TRUE,飛過,6,G1,G2,121.54222,25.01647,王志惠、林秩緯,3,A,8,30,2024,3,22,
白頭翁,1,N,FALSE,,6,G1,G2,121.54222,25.01647,王志惠、林秩緯,3,A,8,30,2024,3,22,
喜鵲,1,N,FALSE,,6,G1,G2,121.54222,25.01647,王志惠、林秩緯,3,A,8,30,2024,3,22,
白頭翁,1,N,FALSE,,6,G1,G2,121.54222,25.01647,王志惠、林秩緯,3,A,8,30,2024,3,22,
喜鵲,2,N,FALSE,,6,G1,G2,121.54222,25.01647,王志惠、林秩緯,3,A,8,30,2024,3,22,
麻雀,2,N,TRUE,飛過,6,G1,G2,121.54222,25.01647,王志惠、林秩緯,3,A,8,30,2024,3,22,
白頭翁,1,N,FALSE,,6,G1,G2,121.54222,25.01647,王志惠、林秩緯,3,A,8,30,2024,3,22,
黑領椋鳥,2,N,FALSE,,6,G2,G2,121.54193,25.01773,王志惠、林秩緯,3,A,8,40,2024,3,22,
金背鳩,1,N,FALSE,,6,G2,G2,121.54193,25.01773,王志惠、林秩緯,3,A,8,40,2024,3,22,
鵲鴝,1,N,FALSE,,6,G2,G2,121.54193,25.01773,王志惠、林秩緯,3,A,8,40,2024,3,22,
斯氏繡眼,7,Y,FALSE,,6,G2,G2,121.54193,25.01773,王志惠、林秩緯,3,A,8,40,2024,3,22,
家燕,1,N,FALSE,,6,G2,G2,121.54193,25.01773,王志惠、林秩緯,3,A,8,40,2024,3,22,
鵲鴝,1,N,FALSE,,6,G2,G2,121.54193,25.01773,王志惠、林秩緯,3,A,8,40,2024,3,22,
麻雀,2,N,TRUE,飛過,6,G2,G2,121.54193,25.01773,王志惠、林秩緯,3,A,8,40,2024,3,22,
白頭翁,4,N,TRUE,飛過,6,G2,G2,121.54193,25.01773,王志惠、林秩緯,3,A,8,40,2024,3,22,
大卷尾,1,N,FALSE,,6,G2,G2,121.54193,25.01773,王志惠、林秩緯,3,A,8,40,2024,3,22,
白頭翁,2,N,FALSE,,6,G3,G2,121.54222,25.01647,王志惠、林秩緯,3,A,8,50,2024,3,22,
黑領椋鳥,1,N,FALSE,,6,G3,G2,121.54222,25.01647,王志惠、林秩緯,3,A,8,50,2024,3,22,
白頭翁,2,N,TRUE,飛過,6,G3,G2,121.54222,25.01647,王志惠、林秩緯,3,A,8,50,2024,3,22,
五色鳥,1,N,FALSE,,6,G3,G2,121.54222,25.01647,王志惠、林秩緯,3,A,8,50,2024,3,22,
鵲鴝,1,N,FALSE,,6,G3,G2,121.54222,25.01647,王志惠、林秩緯,3,A,8,50,2024,3,22,
黑冠麻鷺,1,N,FALSE,,6,G3,G2,121.54222,25.01647,王志惠、林秩緯,3,A,8,50,2024,3,22,
白頭翁,1,N,FALSE,,6,G3,G2,121.54222,25.01647,王志惠、林秩緯,3,A,8,50,2024,3,22,
麻雀,2,N,TRUE,飛過,6,G3,G2,121.54222,25.01647,王志惠、林秩緯,3,A,8,50,2024,3,22,
斯氏繡眼,2,N,FALSE,,6,G3,G2,121.54222,25.01647,王志惠、林秩緯,3,A,8,50,2024,3,22,
金背鳩,1,N,FALSE,,6,G3,G2,121.54222,25.01647,王志惠、林秩緯,3,A,8,50,2024,3,22,
白頭翁,1,N,TRUE,飛過,6,G3,G2,121.54222,25.01647,王志惠、林秩緯,3,A,8,50,2024,3,22,
白頭翁,2,N,FALSE,,6,G3,G2,121.54222,25.01647,王志惠、林秩緯,3,A,8,50,2024,3,22,
白尾八哥,1,N,TRUE,飛過,6,G3,G2,121.54222,25.01647,王志惠、林秩緯,3,A,8,50,2024,3,22,
珠頸斑鳩,1,N,FALSE,,6,G3,G2,121.54222,25.01647,王志惠、林秩緯,3,A,8,50,2024,3,22,
白頭翁,2,N,FALSE,,6,G3,G2,121.54222,25.01647,王志惠、林秩緯,3,A,8,50,2024,3,22,
家燕,1,N,TRUE,飛過,6,G3,G2,121.54222,25.01647,王志惠、林秩緯,3,A,8,50,2024,3,22,
白頭翁,2,N,FALSE,,6,G3,G2,121.54222,25.01647,王志惠、林秩緯,3,A,8,50,2024,3,22,
紅嘴黑鵯,2,N,FALSE,,6,G3,G2,121.54222,25.01647,王志惠、林秩緯,3,A,8,50,2024,3,22,
白頭翁,2,N,FALSE,,6,G3,G2,121.54222,25.01647,王志惠、林秩緯,3,A,8,50,2024,3,22,
金背鳩,1,N,FALSE,,6,G3,G2,121.54222,25.01647,王志惠、林秩緯,3,A,8,50,2024,3,22,
五色鳥,1,N,FALSE,,6,G3,G2,121.54222,25.01647,王志惠、林秩緯,3,A,8,50,2024,3,22,
黑領椋鳥,1,N,FALSE,,6,G3,G2,121.54222,25.01647,王志惠、林秩緯,3,A,8,50,2024,3,22,
紅嘴黑鵯,1,N,FALSE,,6,G1,G2,121.54222,25.01647,藍彥龍、林秩緯,3,C,17,15,2024,3,20,
黑領椋鳥,2,N,TRUE,飛過,6,G1,G2,121.54222,25.01647,藍彥龍、林秩緯,3,C,17,15,2024,3,20,
白頭翁,1,N,FALSE,,6,G1,G2,121.54222,25.01647,藍彥龍、林秩緯,3,C,17,15,2024,3,20,
家燕,4,N,TRUE,飛過,6,G2,G2,121.54193,25.01773,藍彥龍、林秩緯,3,C,17,25,2024,3,20,
白頭翁,3,N,TRUE,飛過,6,G2,G2,121.54193,25.01773,藍彥龍、林秩緯,3,C,17,25,2024,3,20,
白頭翁,2,N,TRUE,飛過,6,G2,G2,121.54193,25.01773,藍彥龍、林秩緯,3,C,17,25,2024,3,20,
黑冠麻鷺,1,N,FALSE,,6,G2,G2,121.54193,25.01773,藍彥龍、林秩緯,3,C,17,25,2024,3,20,
白尾八哥,2,N,TRUE,飛過,6,G2,G2,121.54193,25.01773,藍彥龍、林秩緯,3,C,17,25,2024,3,20,
野鴿,3,N,TRUE,飛過,6,G2,G2,121.54193,25.01773,藍彥龍、林秩緯,3,C,17,25,2024,3,20,
XX鳩鴿,1,N,TRUE,飛過,6,G2,G2,121.54193,25.01773,藍彥龍、林秩緯,3,C,17,25,2024,3,20,
白頭翁,1,N,TRUE,飛過,6,G2,G2,121.54193,25.01773,藍彥龍、林秩緯,3,C,17,25,2024,3,20,
XX鳩鴿,2,N,TRUE,飛過,6,H1,G2,121.53977,25.01728,藍彥龍、林秩緯,3,C,17,35,2024,3,20,
XX鳩鴿,1,N,TRUE,飛過,6,H1,G2,121.53977,25.01728,藍彥龍、林秩緯,3,C,17,35,2024,3,20,
紅鳩,1,N,TRUE,飛過,6,H1,G2,121.53977,25.01728,藍彥龍、林秩緯,3,C,17,35,2024,3,20,
喜鵲,1,N,FALSE,,6,H1,G2,121.53977,25.01728,藍彥龍、林秩緯,3,C,17,35,2024,3,20,
白尾八哥,3,N,TRUE,飛過,6,H1,G2,121.53977,25.01728,藍彥龍、林秩緯,3,C,17,35,2024,3,20,
XX八哥,1,N,FALSE,,6,H1,G2,121.53977,25.01728,藍彥龍、林秩緯,3,C,17,35,2024,3,20,
野鴿,2,N,TRUE,飛過,6,H1,G2,121.53977,25.01728,藍彥龍、林秩緯,3,C,17,35,2024,3,20,
野鴿,10,Y,FALSE,,6,H1,G2,121.53977,25.01728,藍彥龍、林秩緯,3,C,17,35,2024,3,20,
麻雀,2,N,FALSE,,6,H1,G2,121.53977,25.01728,王志惠、張家昀,4,C,16,30,2024,3,27,
五色鳥,2,N,FALSE,,6,H1,G2,121.53977,25.01728,王志惠、張家昀,4,C,16,30,2024,3,27,
喜鵲,3,N,FALSE,,6,H1,G2,121.53977,25.01728,王志惠、張家昀,4,C,16,30,2024,3,27,
麻雀,4,N,FALSE,,6,H1,G2,121.53977,25.01728,王志惠、張家昀,4,C,16,30,2024,3,27,
紅嘴黑鵯,2,N,FALSE,,6,H1,G2,121.53977,25.01728,王志惠、張家昀,4,C,16,30,2024,3,27,
野鴿,7,Y,TRUE,飛過,6,H1,G2,121.53977,25.01728,王志惠、張家昀,4,C,16,30,2024,3,27,
五色鳥,1,N,FALSE,,6,H2,"D2,G2",121.53967,25.01611,王志惠、張家昀,4,C,16,9,2024,3,27,
紅冠水雞,3,N,FALSE,,6,H2,"D2,G2",121.53967,25.01611,王志惠、張家昀,4,C,16,9,2024,3,27,
夜鷺,1,N,FALSE,,6,H2,"D2,G2",121.53967,25.01611,王志惠、張家昀,4,C,16,9,2024,3,27,
野鴿,5,Y,TRUE,飛過,6,H2,"D2,G2",121.53967,25.01611,王志惠、張家昀,4,C,16,9,2024,3,27,
紅冠水雞,1,N,FALSE,,6,H2,"D2,G2",121.53967,25.01611,王志惠、張家昀,4,C,16,9,2024,3,27,
白頭翁,2,N,FALSE,,6,H2,"D2,G2",121.53967,25.01611,王志惠、張家昀,4,C,16,9,2024,3,27,
夜鷺,1,N,TRUE,飛過,6,H2,"D2,G2",121.53967,25.01611,王志惠、張家昀,4,C,16,9,2024,3,27,
XX燕,1,N,TRUE,飛過,6,H2,"D2,G2",121.53967,25.01611,王志惠、張家昀,4,C,16,9,2024,3,27,
白腹秧雞,1,N,FALSE,,6,H2,"D2,G2",121.53967,25.01611,王志惠、張家昀,4,C,16,9,2024,3,27,
金背鳩,1,N,FALSE,,6,H2,"D2,G2",121.53967,25.01611,王志惠、張家昀,4,C,16,9,2024,3,27,
五色鳥,1,N,FALSE,,6,H2,"D2,G2",121.53967,25.01611,王志惠、張家昀,4,C,16,9,2024,3,27,
紅冠水雞,1,N,FALSE,,6,H2,"D2,G2",121.53967,25.01611,王志惠、張家昀,4,C,16,9,2024,3,27,
野鴿,10,Y,TRUE,飛過,6,H2,"D2,G2",121.53967,25.01611,王志惠、張家昀,4,C,16,9,2024,3,27,
白頭翁,3,N,FALSE,,6,H3,"B1,B4",121.54113,25.0154,王志惠、張家昀,4,C,16,20,2024,3,27,
黑領椋鳥,1,N,FALSE,,6,H3,"B1,B4",121.54113,25.0154,王志惠、張家昀,4,C,16,20,2024,3,27,
白頭翁,2,N,FALSE,,6,H3,"B1,B4",121.54113,25.0154,王志惠、張家昀,4,C,16,20,2024,3,27,
黑領椋鳥,1,N,FALSE,,6,H3,"B1,B4",121.54113,25.0154,王志惠、張家昀,4,C,16,20,2024,3,27,
黑領椋鳥,1,N,FALSE,,6,H1,G2,121.53977,25.01728,藍彥龍、張家昀,4,B,9,8,2024,3,29,
喜鵲,1,N,TRUE,飛過,6,H1,G2,121.53977,25.01728,藍彥龍、張家昀,4,B,9,8,2024,3,29,
XX燕,1,N,TRUE,飛過,6,H1,G2,121.53977,25.01728,藍彥龍、張家昀,4,B,9,8,2024,3,29,
黑領椋鳥,1,N,TRUE,飛過,6,H1,G2,121.53977,25.01728,藍彥龍、張家昀,4,B,9,8,2024,3,29,
麻雀,1,N,TRUE,飛過,6,H1,G2,121.53977,25.01728,藍彥龍、張家昀,4,B,9,8,2024,3,29,
沒有鳥,1,N,TRUE,飛過,6,H1,G2,121.53977,25.01728,藍彥龍、張家昀,4,B,9,8,2024,3,29,
五色鳥,1,N,FALSE,,6,H2,"D2,G2",121.53967,25.01611,藍彥龍、張家昀,4,B,9,18,2024,3,29,
紅冠水雞,2,N,FALSE,,6,H2,"D2,G2",121.53967,25.01611,藍彥龍、張家昀,4,B,9,18,2024,3,29,
夜鷺,1,N,FALSE,,6,H2,"D2,G2",121.53967,25.01611,藍彥龍、張家昀,4,B,9,18,2024,3,29,
野鴿,1,N,FALSE,,6,H2,"D2,G2",121.53967,25.01611,藍彥龍、張家昀,4,B,9,18,2024,3,29,
白頭翁,2,N,FALSE,,6,H2,"D2,G2",121.53967,25.01611,藍彥龍、張家昀,4,B,9,18,2024,3,29,
紅嘴黑鵯,2,N,FALSE,,6,H2,"D2,G2",121.53967,25.01611,藍彥龍、張家昀,4,B,9,18,2024,3,29,
白頭翁,2,N,TRUE,飛過,6,H2,"D2,G2",121.53967,25.01611,藍彥龍、張家昀,4,B,9,18,2024,3,29,
五色鳥,2,N,TRUE,飛過,6,H2,"D2,G2",121.53967,25.01611,藍彥龍、張家昀,4,B,9,18,2024,3,29,
白頭翁,2,N,FALSE,,6,H3,"B1,B4",121.54113,25.0154,藍彥龍、張家昀,4,B,9,29,2024,3,29,
五色鳥,1,N,FALSE,,6,H3,"B1,B4",121.54113,25.0154,藍彥龍、張家昀,4,B,9,29,2024,3,29,
白腹秧雞,1,N,FALSE,,6,H3,"B1,B4",121.54113,25.0154,藍彥龍、張家昀,4,B,9,29,2024,3,29,
黑領椋鳥,2,N,FALSE,,6,G1,G2,121.54222,25.01647,曾欣婕、林秩緯、藍彥龍,4,C,16,13,2024,3,27,
麻雀,13,Y,FALSE,,6,G1,G2,121.54222,25.01647,曾欣婕、林秩緯、藍彥龍,4,C,16,13,2024,3,27,
家八哥,5,N,FALSE,,6,G1,G2,121.54222,25.01647,曾欣婕、林秩緯、藍彥龍,4,C,16,13,2024,3,27,
黑領椋鳥,2,N,FALSE,,6,G1,G2,121.54222,25.01647,曾欣婕、林秩緯、藍彥龍,4,C,16,13,2024,3,27,
家八哥,1,N,FALSE,,6,G1,G2,121.54222,25.01647,曾欣婕、林秩緯、藍彥龍,4,C,16,13,2024,3,27,
五色鳥,1,N,FALSE,,6,G1,G2,121.54222,25.01647,曾欣婕、林秩緯、藍彥龍,4,C,16,13,2024,3,27,
白尾八哥,2,N,FALSE,,6,G1,G2,121.54222,25.01647,曾欣婕、林秩緯、藍彥龍,4,C,16,13,2024,3,27,
綠繡眼,2,N,FALSE,,6,G1,G2,121.54222,25.01647,曾欣婕、林秩緯、藍彥龍,4,C,16,13,2024,3,27,
白頭翁,4,N,FALSE,,6,G1,G2,121.54222,25.01647,曾欣婕、林秩緯、藍彥龍,4,C,16,13,2024,3,27,
XX鳩鴿,2,N,TRUE,飛過,6,G1,G2,121.54222,25.01647,曾欣婕、林秩緯、藍彥龍,4,C,16,13,2024,3,27,
喜鵲,1,N,FALSE,,6,G1,G2,121.54222,25.01647,曾欣婕、林秩緯、藍彥龍,4,C,16,13,2024,3,27,
金背鳩,1,N,FALSE,,6,G1,G2,121.54222,25.01647,曾欣婕、林秩緯、藍彥龍,4,C,16,13,2024,3,27,
大卷尾,1,N,TRUE,飛過,6,G1,G2,121.54222,25.01647,曾欣婕、林秩緯、藍彥龍,4,C,16,13,2024,3,27,
鵲鴝,1,N,FALSE,,6,G1,G2,121.54222,25.01647,曾欣婕、林秩緯、藍彥龍,4,C,16,13,2024,3,27,
白頭翁,4,N,FALSE,,6,G1,G2,121.54222,25.01647,曾欣婕、林秩緯、藍彥龍,4,C,16,13,2024,3,27,
洋燕,1,N,FALSE,,6,G2,G2,121.54193,25.01773,曾欣婕、林秩緯、藍彥龍,4,C,16,25,2024,3,27,
白頭翁,2,N,FALSE,,6,G2,G2,121.54193,25.01773,曾欣婕、林秩緯、藍彥龍,4,C,16,25,2024,3,27,
金背鳩,2,N,FALSE,,6,G2,G2,121.54193,25.01773,曾欣婕、林秩緯、藍彥龍,4,C,16,25,2024,3,27,
沒有鳥,2,N,TRUE,飛過,6,G2,G2,121.54193,25.01773,曾欣婕、林秩緯、藍彥龍,4,C,16,25,2024,3,27,
五色鳥,1,N,FALSE,,6,G3,G2,121.54222,25.01647,曾欣婕、林秩緯、藍彥龍,4,C,16,34,2024,3,27,
白頭翁,2,N,FALSE,,6,G3,G2,121.54222,25.01647,曾欣婕、林秩緯、藍彥龍,4,C,16,34,2024,3,27,
五色鳥,1,N,FALSE,,6,G3,G2,121.54222,25.01647,曾欣婕、林秩緯、藍彥龍,4,C,16,34,2024,3,27,
紅嘴黑鵯,1,N,TRUE,飛過,6,G3,G2,121.54222,25.01647,曾欣婕、林秩緯、藍彥龍,4,C,16,34,2024,3,27,
金背鳩,1,N,FALSE,,6,G3,G2,121.54222,25.01647,曾欣婕、林秩緯、藍彥龍,4,C,16,34,2024,3,27,
白頭翁,4,N,TRUE,飛過,6,G3,G2,121.54222,25.01647,曾欣婕、林秩緯、藍彥龍,4,C,16,34,2024,3,27,
綠繡眼,2,N,FALSE,,6,G3,G2,121.54222,25.01647,曾欣婕、林秩緯、藍彥龍,4,C,16,34,2024,3,27,
白頭翁,1,N,FALSE,,6,G3,G2,121.54222,25.01647,曾欣婕、林秩緯、藍彥龍,4,C,16,34,2024,3,27,
樹鵲,1,N,FALSE,,6,G1,G2,121.54222,25.01647,曾欣婕、林秩緯,4,B,8,10,2024,3,29,
白頭翁,2,N,FALSE,,6,G1,G2,121.54222,25.01647,曾欣婕、林秩緯,4,B,8,10,2024,3,29,
斯氏繡眼,3,N,FALSE,,6,G1,G2,121.54222,25.01647,曾欣婕、林秩緯,4,B,8,10,2024,3,29,
喜鵲,2,N,FALSE,,6,G1,G2,121.54222,25.01647,曾欣婕、林秩緯,4,B,8,10,2024,3,29,
鵲鴝,1,N,FALSE,,6,G2,G2,121.54193,25.01773,曾欣婕、林秩緯,4,B,8,23,2024,3,29,
斯氏繡眼,1,N,FALSE,,6,G2,G2,121.54193,25.01773,曾欣婕、林秩緯,4,B,8,23,2024,3,29,
斯氏繡眼,1,N,TRUE,飛過,6,G2,G2,121.54193,25.01773,曾欣婕、林秩緯,4,B,8,23,2024,3,29,
樹鵲,1,N,TRUE,飛過,6,G2,G2,121.54193,25.01773,曾欣婕、林秩緯,4,B,8,23,2024,3,29,
斯氏繡眼,3,N,FALSE,,6,G2,G2,121.54193,25.01773,曾欣婕、林秩緯,4,B,8,23,2024,3,29,
斯氏繡眼,2,N,TRUE,飛過,6,G2,G2,121.54193,25.01773,曾欣婕、林秩緯,4,B,8,23,2024,3,29,
白頭翁,10,Y,TRUE,飛過,6,G2,G2,121.54193,25.01773,曾欣婕、林秩緯,4,B,8,23,2024,3,29,
鵲鴝,1,N,FALSE,,6,G2,G2,121.54193,25.01773,曾欣婕、林秩緯,4,B,8,23,2024,3,29,
家燕,1,N,TRUE,飛過,6,G2,G2,121.54193,25.01773,曾欣婕、林秩緯,4,B,8,23,2024,3,29,
五色鳥,1,N,FALSE,,6,G2,G2,121.54193,25.01773,曾欣婕、林秩緯,4,B,8,23,2024,3,29,
樹鵲,1,N,FALSE,,6,G2,G2,121.54193,25.01773,曾欣婕、林秩緯,4,B,8,23,2024,3,29,
黑領椋鳥,1,N,FALSE,,6,G3,G2,121.54222,25.01647,曾欣婕、林秩緯,4,B,8,35,2024,3,29,
紅嘴黑鵯,4,N,FALSE,,6,G3,G2,121.54222,25.01647,曾欣婕、林秩緯,4,B,8,35,2024,3,29,
金背鳩,1,N,FALSE,,6,G3,G2,121.54222,25.01647,曾欣婕、林秩緯,4,B,8,35,2024,3,29,
黑領椋鳥,1,N,FALSE,,6,G3,G2,121.54222,25.01647,曾欣婕、林秩緯,4,B,8,35,2024,3,29,
白頭翁,1,N,FALSE,,6,G3,G2,121.54222,25.01647,曾欣婕、林秩緯,4,B,8,35,2024,3,29,
鵲鴝,1,N,FALSE,,6,G3,G2,121.54222,25.01647,曾欣婕、林秩緯,4,B,8,35,2024,3,29,
白頭翁,2,N,FALSE,,6,G3,G2,121.54222,25.01647,曾欣婕、林秩緯,4,B,8,35,2024,3,29,
白頭翁,2,N,FALSE,,6,G3,G2,121.54222,25.01647,曾欣婕、林秩緯,4,B,8,35,2024,3,29,
白頭翁,2,N,FALSE,,6,G1,G2,121.54222,25.01647,王志惠、林秩緯,5,C,16,53,2024,4,7,
XX鳩鴿,1,N,FALSE,,6,G1,G2,121.54222,25.01647,王志惠、林秩緯,5,C,16,53,2024,4,7,
金背鳩,1,N,FALSE,,6,G1,G2,121.54222,25.01647,王志惠、林秩緯,5,C,16,53,2024,4,7,
XX鷺,1,N,TRUE,飛過,6,G1,G2,121.54222,25.01647,王志惠、林秩緯,5,C,16,53,2024,4,7,
金背鳩,1,N,FALSE,,6,G1,G2,121.54222,25.01647,王志惠、林秩緯,5,C,16,53,2024,4,7,
斯氏繡眼,1,N,FALSE,,6,G1,G2,121.54222,25.01647,王志惠、林秩緯,5,C,16,53,2024,4,7,
白頭翁,1,N,FALSE,,6,G1,G2,121.54222,25.01647,王志惠、林秩緯,5,C,16,53,2024,4,7,
家燕,3,N,TRUE,飛過,6,G2,G2,121.54193,25.01773,王志惠、林秩緯,5,C,17,1,2024,4,7,
喜鵲,1,N,FALSE,,6,G2,G2,121.54193,25.01773,王志惠、林秩緯,5,C,17,1,2024,4,7,
白頭翁,2,N,FALSE,,6,G2,G2,121.54193,25.01773,王志惠、林秩緯,5,C,17,1,2024,4,7,
紅嘴黑鵯,1,N,FALSE,,6,G2,G2,121.54193,25.01773,王志惠、林秩緯,5,C,17,1,2024,4,7,
野鴿,1,N,TRUE,飛過,6,G2,G2,121.54193,25.01773,王志惠、林秩緯,5,C,17,1,2024,4,7,
白頭翁,1,N,FALSE,,6,G3,G2,121.54222,25.01647,王志惠、林秩緯,5,C,17,10,2024,4,7,
麻雀,2,N,FALSE,,6,G3,G2,121.54222,25.01647,王志惠、林秩緯,5,C,17,10,2024,4,7,
麻雀,5,Y,FALSE,,6,G3,G2,121.54222,25.01647,王志惠、林秩緯,5,C,17,10,2024,4,7,
麻雀,2,N,FALSE,,6,G3,G2,121.54222,25.01647,王志惠、林秩緯,5,C,17,10,2024,4,7,
白尾八哥,1,N,TRUE,飛過,6,G3,G2,121.54222,25.01647,王志惠、林秩緯,5,C,17,10,2024,4,7,
紅嘴黑鵯,1,N,FALSE,,6,G3,G2,121.54222,25.01647,王志惠、林秩緯,5,C,17,10,2024,4,7,
白尾八哥,1,N,TRUE,飛過,6,G3,G2,121.54222,25.01647,王志惠、林秩緯,5,C,17,10,2024,4,7,
八哥,2,N,FALSE,,6,G3,G2,121.54222,25.01647,王志惠、林秩緯,5,C,17,10,2024,4,7,
白尾八哥,2,N,TRUE,飛過,6,G3,G2,121.54222,25.01647,王志惠、林秩緯,5,C,17,10,2024,4,7,
白尾八哥,1,N,FALSE,,6,G3,G2,121.54222,25.01647,王志惠、林秩緯,5,C,17,10,2024,4,7,
白頭翁,1,N,TRUE,飛過,6,G3,G2,121.54222,25.01647,王志惠、林秩緯,5,C,17,10,2024,4,7,
麻雀,1,N,FALSE,,6,H1,G2,121.53977,25.01728,王志惠、林秩緯,5,C,16,39,2024,4,7,
斯氏繡眼,1,N,FALSE,,6,H1,G2,121.53977,25.01728,王志惠、林秩緯,5,C,16,39,2024,4,7,
麻雀,6,Y,FALSE,,6,H1,G2,121.53977,25.01728,王志惠、林秩緯,5,C,16,39,2024,4,7,
白頭翁,1,N,TRUE,飛過,6,H1,G2,121.53977,25.01728,王志惠、林秩緯,5,C,16,39,2024,4,7,
野鴿,1,N,TRUE,飛過,6,H1,G2,121.53977,25.01728,王志惠、林秩緯,5,C,16,39,2024,4,7,
野鴿,10,Y,TRUE,飛過,6,H1,G2,121.53977,25.01728,王志惠、林秩緯,5,C,16,39,2024,4,7,
紅嘴黑鵯,1,N,FALSE,,6,H1,G2,121.53977,25.01728,王志惠、林秩緯,5,C,16,39,2024,4,7,
白頭翁,1,N,FALSE,,6,H1,G2,121.53977,25.01728,王志惠、林秩緯,5,C,16,39,2024,4,7,
白頭翁,2,N,FALSE,,6,H1,G2,121.53977,25.01728,王志惠、林秩緯,5,C,16,39,2024,4,7,
黑領椋鳥,2,N,TRUE,飛過,6,H1,G2,121.53977,25.01728,王志惠、林秩緯,5,C,16,39,2024,4,7,
白頭翁,1,N,FALSE,,6,H1,G2,121.53977,25.01728,王志惠、林秩緯,5,C,16,39,2024,4,7,
大卷尾,1,N,FALSE,,6,H1,G2,121.53977,25.01728,王志惠、林秩緯,5,C,16,39,2024,4,7,
斯氏繡眼,2,N,FALSE,,6,H1,G2,121.53977,25.01728,王志惠、林秩緯,5,C,16,39,2024,4,7,
大卷尾,1,N,FALSE,,6,H1,G2,121.53977,25.01728,王志惠、林秩緯,5,C,16,39,2024,4,7,
斯氏繡眼,1,N,FALSE,,6,H1,G2,121.53977,25.01728,王志惠、林秩緯,5,C,16,39,2024,4,7,
白頭翁,1,N,TRUE,飛過,6,H2,"D2,G2",121.53967,25.01611,王志惠、林秩緯,5,C,17,32,2024,4,7,
家燕,2,N,TRUE,飛過,6,H2,"D2,G2",121.53967,25.01611,王志惠、林秩緯,5,C,17,32,2024,4,7,
家燕,1,N,TRUE,飛過,6,H2,"D2,G2",121.53967,25.01611,王志惠、林秩緯,5,C,17,32,2024,4,7,
家燕,7,Y,TRUE,飛過,6,H2,"D2,G2",121.53967,25.01611,王志惠、林秩緯,5,C,17,32,2024,4,7,
白尾八哥,1,N,TRUE,飛過,6,H2,"D2,G2",121.53967,25.01611,王志惠、林秩緯,5,C,17,32,2024,4,7,
家燕,1,N,TRUE,飛過,6,H2,"D2,G2",121.53967,25.01611,王志惠、林秩緯,5,C,17,32,2024,4,7,
家燕,1,N,TRUE,飛過,6,H2,"D2,G2",121.53967,25.01611,王志惠、林秩緯,5,C,17,32,2024,4,7,
家燕,12,Y,TRUE,飛過,6,H2,"D2,G2",121.53967,25.01611,王志惠、林秩緯,5,C,17,32,2024,4,7,
紅冠水雞,2,N,FALSE,,6,H2,"D2,G2",121.53967,25.01611,王志惠、林秩緯,5,C,17,32,2024,4,7,
黑領椋鳥,1,N,FALSE,,6,H2,"D2,G2",121.53967,25.01611,王志惠、林秩緯,5,C,17,32,2024,4,7,
白腹秧雞,1,N,FALSE,,6,H2,"D2,G2",121.53967,25.01611,王志惠、林秩緯,5,C,17,32,2024,4,7,
白尾八哥,2,N,FALSE,,6,H3,"B1,B4",121.54113,25.0154,王志惠、林秩緯,5,C,17,22,2024,4,7,
大卷尾,1,N,FALSE,,6,H3,"B1,B4",121.54113,25.0154,王志惠、林秩緯,5,C,17,22,2024,4,7,
家燕,3,N,TRUE,飛過,6,H3,"B1,B4",121.54113,25.0154,王志惠、林秩緯,5,C,17,22,2024,4,7,
白頭翁,6,Y,FALSE,,6,H3,"B1,B4",121.54113,25.0154,王志惠、林秩緯,5,C,17,22,2024,4,7,
金背鳩,1,N,FALSE,,6,H3,"B1,B4",121.54113,25.0154,王志惠、林秩緯,5,C,17,22,2024,4,7,
白尾八哥,1,N,FALSE,,6,H3,"B1,B4",121.54113,25.0154,王志惠、林秩緯,5,C,17,22,2024,4,7,
白尾八哥,2,N,FALSE,,6,H3,"B1,B4",121.54113,25.0154,王志惠、林秩緯,5,C,17,22,2024,4,7,
金背鳩,1,N,TRUE,飛過,6,H3,"B1,B4",121.54113,25.0154,王志惠、林秩緯,5,C,17,22,2024,4,7,
白頭翁,2,N,FALSE,,6,H3,"B1,B4",121.54113,25.0154,王志惠、林秩緯,5,C,17,22,2024,4,7,
五色鳥,1,N,FALSE,,6,G1,G2,121.54222,25.01647,曾欣婕、林秩緯,4,B,8,10,2024,3,29,
鵲鴝,1,N,FALSE,,6,G1,G2,121.54222,25.01647,曾欣婕、林秩緯,4,B,8,10,2024,3,29,
白頭翁,1,N,FALSE,,6,G1,G2,121.54222,25.01647,曾欣婕、林秩緯,4,B,8,10,2024,3,29,
喜鵲,1,N,FALSE,,6,G1,G2,121.54222,25.01647,曾欣婕、林秩緯,4,B,8,10,2024,3,29,
白頭翁,3,N,FALSE,,6,G1,G2,121.54222,25.01647,曾欣婕、林秩緯,4,B,8,10,2024,3,29,
白頭翁,2,N,TRUE,飛過,6,G1,G2,121.54222,25.01647,曾欣婕、林秩緯,4,B,8,10,2024,3,29,
白頭翁,1,N,TRUE,飛過,6,G1,G2,121.54222,25.01647,曾欣婕、林秩緯,4,B,8,10,2024,3,29,
白頭翁,1,N,TRUE,飛過,6,G1,G2,121.54222,25.01647,曾欣婕、林秩緯,4,B,8,10,2024,3,29,
樹鵲,1,N,FALSE,,6,G1,G2,121.54222,25.01647,曾欣婕、林秩緯,4,B,8,10,2024,3,29,
白頭翁,2,N,FALSE,,6,G1,G2,121.54222,25.01647,曾欣婕、林秩緯,4,B,8,10,2024,3,29,
白頭翁,1,N,FALSE,,6,G1,G2,121.54222,25.01647,曾欣婕、林秩緯,4,B,8,10,2024,3,29,
樹鵲,8,Y,FALSE,,6,G1,G2,121.54222,25.01647,曾欣婕、林秩緯,4,B,8,10,2024,3,29,
白頭翁,1,N,FALSE,,6,G1,G2,121.54222,25.01647,曾欣婕、林秩緯,4,B,8,10,2024,3,29,
白頭翁,1,N,FALSE,,6,G1,G2,121.54222,25.01647,曾欣婕、林秩緯,4,B,8,10,2024,3,29,
白頭翁,1,N,FALSE,,6,G2,G2,121.54193,25.01773,曾欣婕、林秩緯,4,B,8,23,2024,3,29,
白頭翁,1,N,FALSE,,6,G2,G2,121.54193,25.01773,曾欣婕、林秩緯,4,B,8,23,2024,3,29,
白頭翁,1,N,FALSE,,6,G2,G2,121.54193,25.01773,曾欣婕、林秩緯,4,B,8,23,2024,3,29,
斯氏繡眼,1,N,FALSE,,6,G2,G2,121.54193,25.01773,曾欣婕、林秩緯,4,B,8,23,2024,3,29,
斯氏繡眼,2,N,TRUE,飛過,6,G2,G2,121.54193,25.01773,曾欣婕、林秩緯,4,B,8,23,2024,3,29,
黑領椋鳥,2,N,FALSE,,6,G2,G2,121.54193,25.01773,曾欣婕、林秩緯,4,B,8,23,2024,3,29,
喜鵲,2,N,FALSE,,6,G2,G2,121.54193,25.01773,曾欣婕、林秩緯,4,B,8,23,2024,3,29,
斯氏繡眼,1,N,FALSE,,6,G2,G2,121.54193,25.01773,曾欣婕、林秩緯,4,B,8,23,2024,3,29,
樹鵲,1,N,FALSE,,6,G2,G2,121.54193,25.01773,曾欣婕、林秩緯,4,B,8,23,2024,3,29,
斯氏繡眼,1,N,FALSE,,6,G2,G2,121.54193,25.01773,曾欣婕、林秩緯,4,B,8,23,2024,3,29,
斯氏繡眼,1,N,FALSE,,6,G2,G2,121.54193,25.01773,曾欣婕、林秩緯,4,B,8,23,2024,3,29,
斯氏繡眼,2,N,FALSE,,6,G2,G2,121.54193,25.01773,曾欣婕、林秩緯,4,B,8,23,2024,3,29,
斯氏繡眼,1,N,FALSE,,6,G2,G2,121.54193,25.01773,曾欣婕、林秩緯,4,B,8,23,2024,3,29,
鵲鴝,1,N,FALSE,,6,G2,G2,121.54193,25.01773,曾欣婕、林秩緯,4,B,8,23,2024,3,29,
斯氏繡眼,1,N,TRUE,飛過,6,G2,G2,121.54193,25.01773,曾欣婕、林秩緯,4,B,8,23,2024,3,29,
斯氏繡眼,2,N,TRUE,飛過,6,G2,G2,121.54193,25.01773,曾欣婕、林秩緯,4,B,8,23,2024,3,29,
白頭翁,2,N,TRUE,飛過,6,G2,G2,121.54193,25.01773,曾欣婕、林秩緯,4,B,8,23,2024,3,29,
金背鳩,1,N,FALSE,,6,G2,G2,121.54193,25.01773,曾欣婕、林秩緯,4,B,8,23,2024,3,29,
喜鵲,1,N,FALSE,,6,G2,G2,121.54193,25.01773,曾欣婕、林秩緯,4,B,8,23,2024,3,29,
白頭翁,1,N,FALSE,,6,G3,G2,121.54222,25.01647,曾欣婕、林秩緯,4,B,8,35,2024,3,29,
黑領椋鳥,1,N,FALSE,,6,G3,G2,121.54222,25.01647,曾欣婕、林秩緯,4,B,8,35,2024,3,29,
金背鳩,1,N,FALSE,,6,G3,G2,121.54222,25.01647,曾欣婕、林秩緯,4,B,8,35,2024,3,29,
鵲鴝,1,N,FALSE,,6,G3,G2,121.54222,25.01647,曾欣婕、林秩緯,4,B,8,35,2024,3,29,
白頭翁,2,N,FALSE,,6,G3,G2,121.54222,25.01647,曾欣婕、林秩緯,4,B,8,35,2024,3,29,
黑領椋鳥,1,N,FALSE,,6,G3,G2,121.54222,25.01647,曾欣婕、林秩緯,4,B,8,35,2024,3,29,
鵲鴝,1,N,FALSE,,6,G3,G2,121.54222,25.01647,曾欣婕、林秩緯,4,B,8,35,2024,3,29,
五色鳥,1,N,FALSE,,6,G1,G2,121.54222,25.01647,曾欣婕、藍彥龍,4,C,8,54,2024,4,9,
金背鳩,2,N,FALSE,,6,G1,G2,121.54222,25.01647,曾欣婕、藍彥龍,4,C,8,54,2024,4,9,
白頭翁,2,N,FALSE,,6,G1,G2,121.54222,25.01647,曾欣婕、藍彥龍,4,C,8,54,2024,4,9,
白尾八哥,2,N,TRUE,飛過,6,G1,G2,121.54222,25.01647,曾欣婕、藍彥龍,4,C,8,54,2024,4,9,
白尾八哥,2,N,TRUE,飛過,6,G1,G2,121.54222,25.01647,曾欣婕、藍彥龍,4,C,8,54,2024,4,9,
白頭翁,1,N,TRUE,飛過,6,G1,G2,121.54222,25.01647,曾欣婕、藍彥龍,4,C,8,54,2024,4,9,
白頭翁,1,N,TRUE,飛過,6,G1,G2,121.54222,25.01647,曾欣婕、藍彥龍,4,C,8,54,2024,4,9,
白尾八哥,1,N,TRUE,飛過,6,G1,G2,121.54222,25.01647,曾欣婕、藍彥龍,4,C,8,54,2024,4,9,
白頭翁,2,N,TRUE,飛過,6,G1,G2,121.54222,25.01647,曾欣婕、藍彥龍,4,C,8,54,2024,4,9,
白尾八哥,2,N,TRUE,飛過,6,G1,G2,121.54222,25.01647,曾欣婕、藍彥龍,4,C,8,54,2024,4,9,
黑領椋鳥,1,N,TRUE,飛過,6,G2,G2,121.54193,25.01773,曾欣婕、藍彥龍,4,C,9,1,2024,4,9,
家燕,3,N,TRUE,飛過,6,G2,G2,121.54193,25.01773,曾欣婕、藍彥龍,4,C,9,1,2024,4,9,
綠繡眼,1,N,FALSE,,6,G2,G2,121.54193,25.01773,曾欣婕、藍彥龍,4,C,9,1,2024,4,9,
鵲鴝,1,N,FALSE,,6,G2,G2,121.54193,25.01773,曾欣婕、藍彥龍,4,C,9,1,2024,4,9,
白頭翁,1,N,FALSE,,6,G2,G2,121.54193,25.01773,曾欣婕、藍彥龍,4,C,9,1,2024,4,9,
白頭翁,1,N,TRUE,飛過,6,G2,G2,121.54193,25.01773,曾欣婕、藍彥龍,4,C,9,1,2024,4,9,
白頭翁,1,N,FALSE,,6,G2,G2,121.54193,25.01773,曾欣婕、藍彥龍,4,C,9,1,2024,4,9,
黑領椋鳥,1,N,FALSE,,6,G2,G2,121.54193,25.01773,曾欣婕、藍彥龍,4,C,9,1,2024,4,9,
綠繡眼,1,N,FALSE,,6,G2,G2,121.54193,25.01773,曾欣婕、藍彥龍,4,C,9,1,2024,4,9,
金背鳩,1,N,TRUE,飛過,6,G2,G2,121.54193,25.01773,曾欣婕、藍彥龍,4,C,9,1,2024,4,9,
喜鵲,1,N,FALSE,,6,G2,G2,121.54193,25.01773,曾欣婕、藍彥龍,4,C,9,1,2024,4,9,
白頭翁,1,N,FALSE,,6,G2,G2,121.54193,25.01773,曾欣婕、藍彥龍,4,C,9,1,2024,4,9,
白尾八哥,1,N,FALSE,,6,G2,G2,121.54193,25.01773,曾欣婕、藍彥龍,4,C,9,1,2024,4,9,
白尾八哥,2,N,TRUE,飛過,6,G2,G2,121.54193,25.01773,曾欣婕、藍彥龍,4,C,9,1,2024,4,9,
白頭翁,1,N,TRUE,飛過,6,G2,G2,121.54193,25.01773,曾欣婕、藍彥龍,4,C,9,1,2024,4,9,
黑領椋鳥,1,N,FALSE,,6,G2,G2,121.54193,25.01773,曾欣婕、藍彥龍,4,C,9,1,2024,4,9,
白頭翁,1,N,FALSE,,6,G3,G2,121.54222,25.01647,曾欣婕、藍彥龍,4,C,9,12,2024,4,9,
家八哥,1,N,FALSE,,6,G3,G2,121.54222,25.01647,曾欣婕、藍彥龍,4,C,9,12,2024,4,9,
家燕,1,N,TRUE,飛過,6,G3,G2,121.54222,25.01647,曾欣婕、藍彥龍,4,C,9,12,2024,4,9,
金背鳩,1,N,FALSE,,6,G3,G2,121.54222,25.01647,曾欣婕、藍彥龍,4,C,9,12,2024,4,9,
家八哥,1,N,FALSE,,6,G3,G2,121.54222,25.01647,曾欣婕、藍彥龍,4,C,9,12,2024,4,9,
麻雀,1,N,FALSE,,6,G3,G2,121.54222,25.01647,曾欣婕、藍彥龍,4,C,9,12,2024,4,9,
白頭翁,1,N,TRUE,飛過,6,G3,G2,121.54222,25.01647,曾欣婕、藍彥龍,4,C,9,12,2024,4,9,
白尾八哥,1,N,FALSE,,6,G3,G2,121.54222,25.01647,曾欣婕、藍彥龍,4,C,9,12,2024,4,9,
白尾八哥,1,N,FALSE,,6,G3,G2,121.54222,25.01647,曾欣婕、藍彥龍,4,C,9,12,2024,4,9,
黑領椋鳥,1,N,FALSE,,6,G3,G2,121.54222,25.01647,曾欣婕、藍彥龍,4,C,9,12,2024,4,9,
白尾八哥,1,N,FALSE,,6,G3,G2,121.54222,25.01647,曾欣婕、藍彥龍,4,C,9,12,2024,4,9,
白尾八哥,2,N,TRUE,飛過,6,G3,G2,121.54222,25.01647,曾欣婕、藍彥龍,4,C,9,12,2024,4,9,
麻雀,1,N,FALSE,,6,G3,G2,121.54222,25.01647,曾欣婕、藍彥龍,4,C,9,12,2024,4,9,
白頭翁,1,N,FALSE,,6,G3,G2,121.54222,25.01647,曾欣婕、藍彥龍,4,C,9,12,2024,4,9,
白尾八哥,1,N,TRUE,飛過,6,G3,G2,121.54222,25.01647,曾欣婕、藍彥龍,4,C,9,12,2024,4,9,
金背鳩,1,N,TRUE,飛過,6,H3,"B1,B4",121.54113,25.0154,曾欣婕、藍彥龍,4,C,9,25,2024,4,9,
白尾八哥,1,N,TRUE,飛過,6,H3,"B1,B4",121.54113,25.0154,曾欣婕、藍彥龍,4,C,9,25,2024,4,9,
綠繡眼,1,N,TRUE,飛過,6,H3,"B1,B4",121.54113,25.0154,曾欣婕、藍彥龍,4,C,9,25,2024,4,9,
白頭翁,2,N,TRUE,飛過,6,H3,"B1,B4",121.54113,25.0154,曾欣婕、藍彥龍,4,C,9,25,2024,4,9,
白尾八哥,1,N,FALSE,,6,H3,"B1,B4",121.54113,25.0154,曾欣婕、藍彥龍,4,C,9,25,2024,4,9,
白腹秧雞,1,N,FALSE,,6,H3,"B1,B4",121.54113,25.0154,曾欣婕、藍彥龍,4,C,9,25,2024,4,9,
紅嘴黑鵯,2,N,FALSE,,6,H3,"B1,B4",121.54113,25.0154,曾欣婕、藍彥龍,4,C,9,25,2024,4,9,
白尾八哥,2,N,TRUE,飛過,6,H3,"B1,B4",121.54113,25.0154,曾欣婕、藍彥龍,4,C,9,25,2024,4,9,
黑領椋鳥,3,N,FALSE,,6,H1,G2,121.53977,25.01728,曾欣婕、藍彥龍,4,C,9,36,2024,4,9,
麻雀,3,N,FALSE,,6,H1,G2,121.53977,25.01728,曾欣婕、藍彥龍,4,C,9,36,2024,4,9,
鵲鴝,1,N,FALSE,,6,H1,G2,121.53977,25.01728,曾欣婕、藍彥龍,4,C,9,36,2024,4,9,
五色鳥,1,N,FALSE,,6,H1,G2,121.53977,25.01728,曾欣婕、藍彥龍,4,C,9,36,2024,4,9,
野鴿,1,N,TRUE,飛過,6,H1,G2,121.53977,25.01728,曾欣婕、藍彥龍,4,C,9,36,2024,4,9,
紅嘴黑鵯,4,N,FALSE,,6,H1,G2,121.53977,25.01728,曾欣婕、藍彥龍,4,C,9,36,2024,4,9,
麻雀,1,N,TRUE,飛過,6,H1,G2,121.53977,25.01728,曾欣婕、藍彥龍,4,C,9,36,2024,4,9,
白頭翁,3,N,FALSE,,6,H1,G2,121.53977,25.01728,曾欣婕、藍彥龍,4,C,9,36,2024,4,9,
金背鳩,1,N,FALSE,,6,H1,G2,121.53977,25.01728,曾欣婕、藍彥龍,4,C,9,36,2024,4,9,
黑領椋鳥,2,N,TRUE,飛過,6,H1,G2,121.53977,25.01728,曾欣婕、藍彥龍,4,C,9,36,2024,4,9,
紅嘴黑鵯,2,N,FALSE,,6,H1,G2,121.53977,25.01728,曾欣婕、藍彥龍,4,C,9,36,2024,4,9,
金背鳩,1,N,FALSE,,6,H1,G2,121.53977,25.01728,曾欣婕、藍彥龍,4,C,9,36,2024,4,9,
麻雀,1,N,FALSE,,6,H1,G2,121.53977,25.01728,曾欣婕、藍彥龍,4,C,9,36,2024,4,9,
金背鳩,1,N,FALSE,,6,H1,G2,121.53977,25.01728,曾欣婕、藍彥龍,4,C,9,36,2024,4,9,
喜鵲,1,N,FALSE,,6,H1,G2,121.53977,25.01728,曾欣婕、藍彥龍,4,C,9,36,2024,4,9,
鵲鴝,1,N,FALSE,,6,H2,"D2,G2",121.53967,25.01611,曾欣婕、藍彥龍,4,C,9,45,2024,4,9,
金背鳩,1,N,FALSE,,6,H2,"D2,G2",121.53967,25.01611,曾欣婕、藍彥龍,4,C,9,45,2024,4,9,
白腹秧雞,1,N,FALSE,,6,H2,"D2,G2",121.53967,25.01611,曾欣婕、藍彥龍,4,C,9,45,2024,4,9,
野鴿,5,N,FALSE,,6,H2,"D2,G2",121.53967,25.01611,曾欣婕、藍彥龍,4,C,9,45,2024,4,9,
金背鳩,3,N,FALSE,,6,H2,"D2,G2",121.53967,25.01611,曾欣婕、藍彥龍,4,C,9,45,2024,4,9,
金背鳩,1,N,FALSE,,6,H2,"D2,G2",121.53967,25.01611,曾欣婕、藍彥龍,4,C,9,45,2024,4,9,
五色鳥,1,N,FALSE,,6,H2,"D2,G2",121.53967,25.01611,曾欣婕、藍彥龍,4,C,9,45,2024,4,9,
白頭翁,2,N,TRUE,飛過,6,H2,"D2,G2",121.53967,25.01611,曾欣婕、藍彥龍,4,C,9,45,2024,4,9,
麻雀,1,N,FALSE,,6,H2,"D2,G2",121.53967,25.01611,曾欣婕、藍彥龍,4,C,9,45,2024,4,9,
鵲鴝,2,N,FALSE,,6,H2,"D2,G2",121.53967,25.01611,曾欣婕、藍彥龍,4,C,9,45,2024,4,9,
夜鷺,1,N,FALSE,,6,H2,"D2,G2",121.53967,25.01611,曾欣婕、藍彥龍,4,C,9,45,2024,4,9,
家燕,1,N,TRUE,飛過,6,H2,"D2,G2",121.53967,25.01611,曾欣婕、藍彥龍,4,C,9,45,2024,4,9,
白頭翁,2,N,TRUE,飛過,6,H2,"D2,G2",121.53967,25.01611,曾欣婕、藍彥龍,4,C,9,45,2024,4,9,
白尾八哥,4,N,TRUE,飛過,6,H2,"D2,G2",121.53967,25.01611,曾欣婕、藍彥龍,4,C,9,45,2024,4,9,
五色鳥,1,N,FALSE,,6,H2,"D2,G2",121.53967,25.01611,曾欣婕、藍彥龍,4,C,9,45,2024,4,9,
白頭翁,2,,FALSE,,6,H2,"D2,G2",121.53967,25.01611,曾欣婕、藍彥龍,4,C,9,45,2024,4,9,
白頭翁,1,,TRUE,飛過,6,H2,"D2,G2",121.53967,25.01611,曾欣婕、藍彥龍,4,C,9,45,2024,4,9,
金背鳩,1,,FALSE,,6,H3,"D2,G2",121.53967,25.01611,曾欣婕、藍彥龍,4,C,9,45,2024,4,9,
紅冠水雞,2,N,FALSE,,6,H2,"D2,G2",121.53967,25.01611,曾欣婕、王志惠、張家昀,,C,16,8,2024,3,24,
白尾八哥,1,N,FALSE,,6,H2,"D2,G2",121.53967,25.01611,曾欣婕、王志惠、張家昀,,C,16,8,2024,3,24,
黑冠麻鷺,2,N,TRUE,飛過,6,H2,"D2,G2",121.53967,25.01611,曾欣婕、王志惠、張家昀,,C,16,8,2024,3,24,
白尾八哥,2,N,FALSE,,6,H2,"D2,G2",121.53967,25.01611,曾欣婕、王志惠、張家昀,,C,16,8,2024,3,24,
野鴿,1,N,FALSE,,6,H2,"D2,G2",121.53967,25.01611,曾欣婕、王志惠、張家昀,,C,16,8,2024,3,24,
野鴿,1,N,TRUE,,6,H2,"D2,G2",121.53967,25.01611,曾欣婕、王志惠、張家昀,,C,16,8,2024,3,24,
翠鳥,1,N,FALSE,,6,H2,"D2,G2",121.53967,25.01611,曾欣婕、王志惠、張家昀,,C,16,8,2024,3,24,
五色鳥,2,N,FALSE,,6,H2,"D2,G2",121.53967,25.01611,曾欣婕、王志惠、張家昀,,C,16,8,2024,3,24,
白頭翁,3,N,FALSE,,6,H2,"D2,G2",121.53967,25.01611,曾欣婕、王志惠、張家昀,,C,16,8,2024,3,24,
黑領椋鳥,2,N,FALSE,,6,H2,"D2,G2",121.53967,25.01611,曾欣婕、王志惠、張家昀,,C,16,8,2024,3,24,
紅嘴黑鵯,2,N,FALSE,,6,H2,"D2,G2",121.53967,25.01611,曾欣婕、王志惠、張家昀,,C,16,8,2024,3,24,
金背鳩,2,N,FALSE,,6,H2,"D2,G2",121.53967,25.01611,曾欣婕、王志惠、張家昀,,C,16,8,2024,3,24,
夜鷺,1,N,FALSE,,6,H2,"D2,G2",121.53967,25.01611,曾欣婕、王志惠、張家昀,,C,16,8,2024,3,24,
XX燕,2,N,TRUE,,6,H2,"D2,G2",121.53967,25.01611,曾欣婕、王志惠、張家昀,,C,16,8,2024,3,24,
喜鵲,1,N,TRUE,,6,H2,"D2,G2",121.53967,25.01611,曾欣婕、王志惠、張家昀,,C,16,8,2024,3,24,
家八哥,2,N,FALSE,,6,H2,"D2,G2",121.53967,25.01611,曾欣婕、王志惠、張家昀,,C,16,8,2024,3,24,
金背鳩,1,N,FALSE,,6,H2,"D2,G2",121.53967,25.01611,曾欣婕、王志惠、張家昀,,C,16,8,2024,3,24,
紅嘴黑鵯,1,N,FALSE,,6,H2,"D2,G2",121.53967,25.01611,曾欣婕、王志惠、張家昀,,C,16,8,2024,3,24,
五色鳥,1,N,FALSE,,6,H2,"D2,G2",121.53967,25.01611,曾欣婕、王志惠、張家昀,,C,16,8,2024,3,24,
黑領椋鳥,2,N,FALSE,,6,H2,"D2,G2",121.53967,25.01611,曾欣婕、王志惠、張家昀,,C,16,8,2024,3,24,
大卷尾,1,N,FALSE,,6,G3,G2,,,,,,,,,,,
白頭翁,2,N,FALSE,,6,,,,,,,,,,,,,
斯氏繡眼,2,N,FALSE,,6,G3,G2,121.54222,25.01647,曾欣婕、王志惠、張家昀,,C,16,8,2024,3,24,
家燕,1,N,TRUE,,6,G3,G2,121.54222,25.01647,曾欣婕、王志惠、張家昀,,C,16,8,2024,3,24,
紅嘴黑鵯,1,N,FALSE,,6,G3,G2,121.54222,25.01647,曾欣婕、王志惠、張家昀,,C,16,8,2024,3,24,
白頭翁,2,N,TRUE,,6,G3,G2,121.54222,25.01647,曾欣婕、王志惠、張家昀,,C,16,8,2024,3,24,
麻雀,10,Y,FALSE,,6,G3,G2,121.54222,25.01647,曾欣婕、王志惠、張家昀,,C,16,8,2024,3,24,
鵲鴝,1,N,FALSE,,6,G3,G2,121.54222,25.01647,曾欣婕、王志惠、張家昀,,C,16,8,2024,3,24,
夜鷺,1,N,TRUE,,6,G3,G2,121.54222,25.01647,曾欣婕、王志惠、張家昀,,C,16,8,2024,3,24,
家燕,1,N,TRUE,,6,G3,G2,121.54222,25.01647,曾欣婕、王志惠、張家昀,,C,16,8,2024,3,24,
紅嘴黑鵯,2,N,FALSE,,6,G3,G2,121.54222,25.01647,曾欣婕、王志惠、張家昀,,C,16,8,2024,3,24,
斯氏繡眼,5,Y,FALSE,,6,G3,G2,121.54222,25.01647,曾欣婕、王志惠、張家昀,,C,16,8,2024,3,24,
白尾八哥,2,N,FALSE,,6,G3,G2,121.54222,25.01647,曾欣婕、王志惠、張家昀,,C,16,8,2024,3,24,
家八哥,3,N,FALSE,,6,G3,G2,121.54222,25.01647,曾欣婕、王志惠、張家昀,,C,16,8,2024,3,24,
白尾八哥,2,N,FALSE,,6,G3,G2,121.54222,25.01647,曾欣婕、王志惠、張家昀,,C,16,8,2024,3,24,
黑領椋鳥,2,N,TRUE,,6,G3,G2,121.54222,25.01647,曾欣婕、王志惠、張家昀,,C,16,8,2024,3,24,
樹鵲,1,N,FALSE,,6,G3,G2,121.54222,25.01647,曾欣婕、王志惠、張家昀,,C,16,8,2024,3,24,
金背鳩,1,N,FALSE,,6,H1,G2,121.53977,25.01728,王志惠、林秩緯,5,C,16,39,2024,4,7,
麻雀,3,N,TRUE,,6,H1,G2,121.53977,25.01728,王志惠、林秩緯,5,C,16,39,2024,4,7,
XX燕,2,N,TRUE,,6,H1,G2,121.53977,25.01728,王志惠、林秩緯,5,C,16,39,2024,4,7,
野鴿,2,N,TRUE,,6,H1,G2,121.53977,25.01728,王志惠、林秩緯,5,C,16,39,2024,4,7,
白頭翁,2,N,FALSE,,6,H1,G2,121.53977,25.01728,王志惠、林秩緯,5,C,16,39,2024,4,7,
綠繡眼,2,N,TRUE,,6,H1,G2,121.53977,25.01728,王志惠、林秩緯,5,C,16,39,2024,4,7,
野鴿,1,N,FALSE,,6,H1,G2,121.53977,25.01728,王志惠、林秩緯,5,C,16,39,2024,4,7,
綠繡眼,1,N,FALSE,,6,H1,G2,121.53977,25.01728,王志惠、林秩緯,5,C,16,39,2024,4,7,
野鴿,2,N,TRUE,,6,H1,G2,121.53977,25.01728,王志惠、林秩緯,5,C,16,39,2024,4,7,
五色鳥,1,N,FALSE,,6,H2,"D2,G2",121.53967,25.01611,王志惠、林秩緯,5,C,17,32,2024,4,7,
野鴿,2,N,TRUE,,6,H2,"D2,G2",121.53967,25.01611,王志惠、林秩緯,5,C,17,32,2024,4,7,
家燕,1,N,TRUE,,6,H2,"D2,G2",121.53967,25.01611,王志惠、林秩緯,5,C,17,32,2024,4,7,
白頭翁,2,N,FALSE,,6,H3,"B1,B4",121.54113,25.0154,王志惠、林秩緯,5,C,17,22,2024,4,7,
洋燕,2,N,TRUE,,6,H3,"B1,B4",121.54113,25.0154,王志惠、林秩緯,5,C,17,22,2024,4,7,
白尾八哥,2,N,TRUE,,6,H3,"B1,B4",121.54113,25.0154,王志惠、林秩緯,5,C,17,22,2024,4,7,
白頭翁,2,N,FALSE,,6,H3,"B1,B4",121.54113,25.0154,王志惠、林秩緯,5,C,17,22,2024,4,7,
家八哥,1,N,FALSE,,6,H3,"B1,B4",121.54113,25.0154,王志惠、林秩緯,5,C,17,22,2024,4,7,
綠繡眼,1,N,FALSE,,6,H3,"B1,B4",121.54113,25.0154,王志惠、林秩緯,5,C,17,22,2024,4,7,
金背鳩,1,N,FALSE,,6,G1,G2,121.54222,25.01647,王志惠、林秩緯,5,C,16,53,2024,4,7,
綠繡眼,1,N,FALSE,,6,G1,G2,121.54222,25.01647,王志惠、林秩緯,5,C,16,53,2024,4,7,
野鴿,2,N,TRUE,,6,G1,G2,121.54222,25.01647,王志惠、林秩緯,5,C,16,53,2024,4,7,
白頭翁,1,N,TRUE,,6,G1,G2,121.54222,25.01647,王志惠、林秩緯,5,C,16,53,2024,4,7,
白頭翁,1,N,TRUE,,6,G2,G2,121.54193,25.01773,王志惠、林秩緯,5,C,17,1,2024,4,7,
紅嘴黑鵯,2,N,FALSE,,6,G2,G2,121.54193,25.01773,王志惠、林秩緯,5,C,17,1,2024,4,7,
洋燕,2,N,TRUE,,6,G2,G2,121.54193,25.01773,王志惠、林秩緯,5,C,17,1,2024,4,7,
綠繡眼,1,N,TRUE,,6,G2,G2,121.54193,25.01773,王志惠、林秩緯,5,C,17,1,2024,4,7,
白頭翁,5,Y,TRUE,,6,G2,G2,121.54193,25.01773,王志惠、林秩緯,5,C,17,1,2024,4,7,
白頭翁,1,N,TRUE,,6,G3,G2,121.54222,25.01647,王志惠、林秩緯,5,C,17,10,2024,4,7,
野鴿,1,N,FALSE,,6,G3,G2,121.54222,25.01647,王志惠、林秩緯,5,C,17,10,2024,4,7,
XX八哥,2,N,TRUE,,6,G3,G2,121.54222,25.01647,王志惠、林秩緯,5,C,17,10,2024,4,7,
白頭翁,3,N,TRUE,,6,G3,G2,121.54222,25.01647,王志惠、林秩緯,5,C,17,10,2024,4,7,
黑領椋鳥,2,N,TRUE,,6,H1,G2,121.53977,25.01728,張家昀、藍彥龍,5,B,9,28,2024,4,13,
麻雀,3,N,TRUE,,6,H1,G2,121.53977,25.01728,張家昀、藍彥龍,5,B,9,28,2024,4,13,
麻雀,2,N,TRUE,,6,H1,G2,121.53977,25.01728,張家昀、藍彥龍,5,B,9,28,2024,4,13,
金背鳩,1,N,FALSE,,6,H1,G2,121.53977,25.01728,張家昀、藍彥龍,5,B,9,28,2024,4,13,
XX八哥,1,N,TRUE,,6,H1,G2,121.53977,25.01728,張家昀、藍彥龍,5,B,9,28,2024,4,13,
白頭翁,1,N,FALSE,,6,H1,G2,121.53977,25.01728,張家昀、藍彥龍,5,B,9,28,2024,4,13,
黑領椋鳥,1,N,FALSE,,6,H1,G2,121.53977,25.01728,張家昀、藍彥龍,5,B,9,28,2024,4,13,
野鴿,1,N,TRUE,,6,H1,G2,121.53977,25.01728,張家昀、藍彥龍,5,B,9,28,2024,4,13,
白頭翁,1,N,FALSE,,6,H1,G2,121.53977,25.01728,張家昀、藍彥龍,5,B,9,28,2024,4,13,
白頭翁,1,N,FALSE,,6,H1,G2,121.53977,25.01728,張家昀、藍彥龍,5,B,9,28,2024,4,13,
白頭翁,1,N,FALSE,,6,H1,G2,121.53977,25.01728,張家昀、藍彥龍,5,B,9,28,2024,4,13,
樹鵲,1,N,FALSE,,6,H1,G2,121.53977,25.01728,張家昀、藍彥龍,5,B,9,28,2024,4,13,
白頭翁,1,N,FALSE,,6,H3,"B1,B4",121.54113,25.0154,張家昀、藍彥龍,5,B,9,39,2024,4,13,
白頭翁,2,N,TRUE,,6,H3,"B1,B4",121.54113,25.0154,張家昀、藍彥龍,5,B,9,39,2024,4,13,
金背鳩,2,N,FALSE,,6,H3,"B1,B4",121.54113,25.0154,張家昀、藍彥龍,5,B,9,39,2024,4,13,
白頭翁,1,N,FALSE,,6,H3,"B1,B4",121.54113,25.0154,張家昀、藍彥龍,5,B,9,39,2024,4,13,
金背鳩,1,N,TRUE,,6,H3,"B1,B4",121.54113,25.0154,張家昀、藍彥龍,5,B,9,39,2024,4,13,
白頭翁,1,N,TRUE,,6,H3,"B1,B4",121.54113,25.0154,張家昀、藍彥龍,5,B,9,39,2024,4,13,
XX八哥,1,N,TRUE,,6,H3,"B1,B4",121.54113,25.0154,張家昀、藍彥龍,5,B,9,39,2024,4,13,
白頭翁,2,N,FALSE,,6,H3,"B1,B4",121.54113,25.0154,張家昀、藍彥龍,5,B,9,39,2024,4,13,
XX八哥,1,N,TRUE,,6,H3,"B1,B4",121.54113,25.0154,張家昀、藍彥龍,5,B,9,39,2024,4,13,
白頭翁,2,N,FALSE,,6,H3,"B1,B4",121.54113,25.0154,張家昀、藍彥龍,5,B,9,39,2024,4,13,
金背鳩,1,N,FALSE,,6,H3,"B1,B4",121.54113,25.0154,張家昀、藍彥龍,5,B,9,39,2024,4,13,
麻雀,1,N,FALSE,,6,H3,"B1,B4",121.54113,25.0154,張家昀、藍彥龍,5,B,9,39,2024,4,13,
XX鳩鴿,2,N,TRUE,,6,H3,"B1,B4",121.54113,25.0154,張家昀、藍彥龍,5,B,9,39,2024,4,13,
家燕,2,N,TRUE,,6,H3,"B1,B4",121.54113,25.0154,張家昀、藍彥龍,5,B,9,39,2024,4,13,
白頭翁,3,N,TRUE,,6,H3,"B1,B4",121.54113,25.0154,張家昀、藍彥龍,5,B,9,39,2024,4,13,
白頭翁,1,N,FALSE,,6,G1,G2,121.54222,25.01647,曾欣婕、王志惠,5,C,16,26,2024,4,12,
白尾八哥,1,N,FALSE,,6,G1,G2,121.54222,25.01647,曾欣婕、王志惠,5,C,16,26,2024,4,12,
家燕,1,N,FALSE,,6,G1,G2,121.54222,25.01647,曾欣婕、王志惠,5,C,16,26,2024,4,12,
家燕,1,N,FALSE,,6,G1,G2,121.54222,25.01647,曾欣婕、王志惠,5,C,16,26,2024,4,12,
白頭翁,1,N,FALSE,,6,G1,G2,121.54222,25.01647,曾欣婕、王志惠,5,C,16,26,2024,4,12,
鵲鴝,1,N,FALSE,,6,G1,G2,121.54222,25.01647,曾欣婕、王志惠,5,C,16,26,2024,4,12,
麻雀,1,N,TRUE,,6,G1,G2,121.54222,25.01647,曾欣婕、王志惠,5,C,16,26,2024,4,12,
白頭翁,1,N,FALSE,,6,G1,G2,121.54222,25.01647,曾欣婕、王志惠,5,C,16,26,2024,4,12,
斯氏繡眼,1,N,FALSE,,6,G1,G2,121.54222,25.01647,曾欣婕、王志惠,5,C,16,26,2024,4,12,
金背鳩,1,N,FALSE,,6,G1,G2,121.54222,25.01647,曾欣婕、王志惠,5,C,16,26,2024,4,12,
五色鳥,1,N,FALSE,,6,G2,G2,121.54193,25.01773,曾欣婕、王志惠,5,C,16,34,2024,4,12,
家燕,1,N,FALSE,,6,G2,G2,121.54193,25.01773,曾欣婕、王志惠,5,C,16,34,2024,4,12,
家燕,1,N,TRUE,,6,G2,G2,121.54193,25.01773,曾欣婕、王志惠,5,C,16,34,2024,4,12,
鵲鴝,1,N,FALSE,,6,G2,G2,121.54193,25.01773,曾欣婕、王志惠,5,C,16,34,2024,4,12,
白頭翁,1,N,FALSE,,6,G2,G2,121.54193,25.01773,曾欣婕、王志惠,5,C,16,34,2024,4,12,
白頭翁,1,N,FALSE,,6,G2,G2,121.54193,25.01773,曾欣婕、王志惠,5,C,16,34,2024,4,12,
鵲鴝,1,N,FALSE,,6,G2,G2,121.54193,25.01773,曾欣婕、王志惠,5,C,16,34,2024,4,12,
白頭翁,1,N,FALSE,,6,G2,G2,121.54193,25.01773,曾欣婕、王志惠,5,C,16,44,2024,4,12,
白頭翁,1,N,FALSE,,6,G3,G2,121.54222,25.01647,曾欣婕、王志惠,5,C,16,44,2024,4,12,
麻雀,2,N,FALSE,,6,G3,G2,121.54222,25.01647,曾欣婕、王志惠,5,C,16,44,2024,4,12,
白尾八哥,2,N,FALSE,,6,G3,G2,121.54222,25.01647,曾欣婕、王志惠,5,C,16,44,2024,4,12,
金背鳩,2,N,FALSE,,6,G3,G2,121.54222,25.01647,曾欣婕、王志惠,5,C,16,44,2024,4,12,
麻雀,1,N,FALSE,,6,G3,G2,121.54222,25.01647,曾欣婕、王志惠,5,C,16,44,2024,4,12,
家燕,1,N,FALSE,,6,G3,G2,121.54222,25.01647,曾欣婕、王志惠,5,C,16,44,2024,4,12,
白頭翁,1,N,FALSE,,6,G3,G2,121.54222,25.01647,曾欣婕、王志惠,5,C,16,44,2024,4,12,
白頭翁,1,N,FALSE,,6,G3,G2,121.54222,25.01647,曾欣婕、王志惠,5,C,16,44,2024,4,12,
白頭翁,1,N,FALSE,,6,G3,G2,121.54222,25.01647,曾欣婕、王志惠,5,C,16,44,2024,4,12,
白尾八哥,2,N,FALSE,,6,G3,G2,121.54222,25.01647,曾欣婕、王志惠,5,C,16,44,2024,4,12,
麻雀,2,N,FALSE,,6,G3,G2,121.54222,25.01647,曾欣婕、王志惠,5,C,16,44,2024,4,12,
樹鵲,1,N,FALSE,,6,G3,G2,121.54222,25.01647,曾欣婕、王志惠,5,C,16,44,2024,4,12,
紅嘴黑鵯,2,N,FALSE,,6,G3,G2,121.54222,25.01647,曾欣婕、王志惠,5,C,16,44,2024,4,12,
紅嘴黑鵯,2,N,TRUE,,6,G3,G2,121.54222,25.01647,曾欣婕、王志惠,5,C,16,44,2024,4,12,
樹鵲,1,N,FALSE,,6,G3,G2,121.54222,25.01647,曾欣婕、王志惠,5,C,16,44,2024,4,12,
金背鳩,1,N,FALSE,,6,G3,G2,121.54222,25.01647,曾欣婕、王志惠,5,C,16,44,2024,4,12,
紅嘴黑鵯,1,N,FALSE,,6,G3,G2,121.54222,25.01647,曾欣婕、王志惠,5,C,16,44,2024,4,12,
白頭翁,1,N,TRUE,,6,G3,G2,121.54222,25.01647,曾欣婕、王志惠,5,C,16,44,2024,4,12,
白頭翁,2,N,TRUE,,6,G3,G2,121.54222,25.01647,曾欣婕、王志惠,5,C,16,44,2024,4,12,
麻雀,2,N,FALSE,,6,G3,G2,121.54222,25.01647,曾欣婕、王志惠,5,C,16,44,2024,4,12,
家燕,1,N,FALSE,,6,G3,G2,121.54222,25.01647,曾欣婕、王志惠,5,C,16,44,2024,4,12,
白頭翁,2,N,TRUE,,6,G3,G2,121.54222,25.01647,曾欣婕、王志惠,5,C,16,44,2024,4,12,
白尾八哥,1,N,FALSE,,6,H1,G2,121.53977,25.01728,曾欣婕、王志惠,5,C,16,56,2024,4,12,
紅嘴黑鵯,1,N,FALSE,,6,H1,G2,121.53977,25.01728,曾欣婕、王志惠,5,C,16,56,2024,4,12,
麻雀,5,Y,FALSE,,6,H1,G2,121.53977,25.01728,曾欣婕、王志惠,5,C,16,56,2024,4,12,
麻雀,3,N,FALSE,,6,H1,G2,121.53977,25.01728,曾欣婕、王志惠,5,C,16,56,2024,4,12,
白頭翁,2,N,FALSE,,6,H1,G2,121.53977,25.01728,曾欣婕、王志惠,5,C,16,56,2024,4,12,
五色鳥,1,N,FALSE,,6,H1,G2,121.53977,25.01728,曾欣婕、王志惠,5,C,16,56,2024,4,12,
五色鳥,1,N,FALSE,,6,H1,G2,121.53977,25.01728,曾欣婕、王志惠,5,C,16,56,2024,4,12,
五色鳥,1,N,FALSE,,6,H1,G2,121.53977,25.01728,曾欣婕、王志惠,5,C,16,56,2024,4,12,
野鴿,1,N,FALSE,,6,H1,G2,121.53977,25.01728,曾欣婕、王志惠,5,C,16,56,2024,4,12,
五色鳥,1,N,FALSE,,6,H1,G2,121.53977,25.01728,曾欣婕、王志惠,5,C,16,56,2024,4,12,
白頭翁,1,N,FALSE,,6,H1,G2,121.53977,25.01728,曾欣婕、王志惠,5,C,16,56,2024,4,12,
野鴿,1,N,FALSE,,6,H1,G2,121.53977,25.01728,曾欣婕、王志惠,5,C,16,56,2024,4,12,
白頭翁,1,N,TRUE,,6,H1,G2,121.53977,25.01728,曾欣婕、王志惠,5,C,16,56,2024,4,12,
喜鵲,2,N,FALSE,,6,H1,G2,121.53977,25.01728,曾欣婕、王志惠,5,C,16,56,2024,4,12,
麻雀,1,N,FALSE,,6,H1,G2,121.53977,25.01728,曾欣婕、王志惠,5,C,16,56,2024,4,12,
麻雀,1,N,TRUE,,6,H1,G2,121.53977,25.01728,曾欣婕、王志惠,5,C,16,56,2024,4,12,
白頭翁,1,N,FALSE,,6,H1,G2,121.53977,25.01728,曾欣婕、王志惠,5,C,16,56,2024,4,12,
野鴿,1,N,FALSE,,6,H1,G2,121.53977,25.01728,曾欣婕、王志惠,5,C,16,56,2024,4,12,
麻雀,4,N,FALSE,,6,H1,G2,121.53977,25.01728,曾欣婕、王志惠,5,C,16,56,2024,4,12,
麻雀,2,N,FALSE,,6,H1,G2,121.53977,25.01728,曾欣婕、王志惠,5,C,16,56,2024,4,12,
白頭翁,1,N,FALSE,,6,H1,G2,121.53977,25.01728,曾欣婕、王志惠,5,C,16,56,2024,4,12,
白尾八哥,2,N,FALSE,,6,H3,"B1,B4",121.54113,25.0154,曾欣婕、王志惠,5,C,17,7,2024,4,12,
樹鵲,1,N,TRUE,,6,H3,"B1,B4",121.54113,25.0154,曾欣婕、王志惠,5,C,17,7,2024,4,12,
白頭翁,2,N,TRUE,,6,H3,"B1,B4",121.54113,25.0154,曾欣婕、王志惠,5,C,17,7,2024,4,12,
金背鳩,1,N,FALSE,,6,H3,"B1,B4",121.54113,25.0154,曾欣婕、王志惠,5,C,17,7,2024,4,12,
喜鵲,1,N,FALSE,,6,H3,"B1,B4",121.54113,25.0154,曾欣婕、王志惠,5,C,17,7,2024,4,12,
白頭翁,1,N,FALSE,,6,H3,"B1,B4",121.54113,25.0154,曾欣婕、王志惠,5,C,17,7,2024,4,12,
白尾八哥,2,N,FALSE,,6,H3,"B1,B4",121.54113,25.0154,曾欣婕、王志惠,5,C,17,7,2024,4,12,
白尾八哥,1,N,TRUE,,6,H3,"B1,B4",121.54113,25.0154,曾欣婕、王志惠,5,C,17,7,2024,4,12,
金背鳩,1,N,FALSE,,6,H3,"B1,B4",121.54113,25.0154,曾欣婕、王志惠,5,C,17,7,2024,4,12,
白尾八哥,2,N,FALSE,,6,H3,"B1,B4",121.54113,25.0154,曾欣婕、王志惠,5,C,17,7,2024,4,12,
夜鷺,1,N,TRUE,,6,H2,"D2,G2",121.53967,25.01611,曾欣婕、王志惠,5,C,17,17,2024,4,12,
白頭翁,1,N,FALSE,,6,H2,"D2,G2",121.53967,25.01611,曾欣婕、王志惠,5,C,17,17,2024,4,12,
鵲鴝,1,N,FALSE,,6,H2,"D2,G2",121.53967,25.01611,曾欣婕、王志惠,5,C,17,17,2024,4,12,
白頭翁,1,N,FALSE,,6,H2,"D2,G2",121.53967,25.01611,曾欣婕、王志惠,5,C,17,17,2024,4,12,
家燕,2,N,FALSE,,6,H2,"D2,G2",121.53967,25.01611,曾欣婕、王志惠,5,C,17,17,2024,4,12,
五色鳥,1,N,FALSE,,6,H2,"D2,G2",121.53967,25.01611,曾欣婕、王志惠,5,C,17,17,2024,4,12,
金背鳩,1,N,FALSE,,6,H2,"D2,G2",121.53967,25.01611,曾欣婕、王志惠,5,C,17,17,2024,4,12,
黑領椋鳥,1,N,FALSE,,6,H2,"D2,G2",121.53967,25.01611,曾欣婕、王志惠,5,C,17,17,2024,4,12,
洋燕,1,N,TRUE,,6,G1,G2,121.54222,25.01647,曾欣婕、王志惠,5,C,16,26,2024,4,12,
白頭翁,2,N,FALSE,,6,G1,G2,121.54222,25.01647,曾欣婕、王志惠,5,C,16,26,2024,4,12,
XX燕,2,N,TRUE,,6,G1,G2,121.54222,25.01647,曾欣婕、王志惠,5,C,16,26,2024,4,12,
金背鳩,2,N,TRUE,,6,G1,G2,121.54222,25.01647,曾欣婕、王志惠,5,C,16,26,2024,4,12,
麻雀,5,Y,TRUE,,6,G1,G2,121.54222,25.01647,曾欣婕、王志惠,5,C,16,26,2024,4,12,
洋燕,2,N,TRUE,,6,G2,G2,121.54193,25.01773,曾欣婕、王志惠,5,C,16,34,2024,4,12,
金背鳩,1,N,FALSE,,6,G2,G2,121.54193,25.01773,曾欣婕、王志惠,5,C,16,34,2024,4,12,
白頭翁,2,N,TRUE,,6,G2,G2,121.54193,25.01773,曾欣婕、王志惠,5,C,16,34,2024,4,12,
XX鳩鴿,1,N,FALSE,,6,G2,G2,121.54193,25.01773,曾欣婕、王志惠,5,C,16,34,2024,4,12,
白尾八哥,2,N,FALSE,,6,G2,G2,121.54193,25.01773,曾欣婕、王志惠,5,C,16,34,2024,4,12,
洋燕,1,N,FALSE,,6,G2,G2,121.54193,25.01773,曾欣婕、王志惠,5,C,16,34,2024,4,12,
白頭翁,2,N,TRUE,,6,G2,G2,121.54193,25.01773,曾欣婕、王志惠,5,C,16,34,2024,4,12,
白尾八哥,1,N,TRUE,,6,G3,G2,121.54222,25.01647,曾欣婕、王志惠,5,C,16,44,2024,4,12,
白頭翁,1,N,TRUE,,6,G3,G2,121.54222,25.01647,曾欣婕、王志惠,5,C,16,44,2024,4,12,
麻雀,2,N,TRUE,,6,G3,G2,121.54222,25.01647,曾欣婕、王志惠,5,C,16,44,2024,4,12,
金背鳩,1,N,TRUE,,6,G3,G2,121.54222,25.01647,曾欣婕、王志惠,5,C,16,44,2024,4,12,
紅嘴黑鵯,2,N,TRUE,,6,G3,G2,121.54222,25.01647,曾欣婕、王志惠,5,C,16,44,2024,4,12,
綠繡眼,2,N,FALSE,,6,G3,G2,121.54222,25.01647,曾欣婕、王志惠,5,C,16,44,2024,4,12,
白尾八哥,2,N,TRUE,,6,G3,G2,121.54222,25.01647,曾欣婕、王志惠,5,C,16,44,2024,4,12,
金背鳩,2,N,FALSE,,6,G3,G2,121.54222,25.01647,曾欣婕、王志惠,5,C,16,44,2024,4,12,
麻雀,2,N,TRUE,,6,G3,G2,121.54222,25.01647,曾欣婕、王志惠,5,C,16,44,2024,4,12,
白尾八哥,1,N,TRUE,,6,G3,G2,121.54222,25.01647,曾欣婕、王志惠,5,C,16,44,2024,4,12,
黑領椋鳥,2,N,FALSE,,6,H1,G2,121.53977,25.01728,曾欣婕、王志惠,5,C,16,56,2024,4,12,
白頭翁,2,N,FALSE,,6,H1,G2,121.53977,25.01728,曾欣婕、王志惠,5,C,16,56,2024,4,12,
喜鵲,1,N,TRUE,,6,H1,G2,121.53977,25.01728,曾欣婕、王志惠,5,C,16,56,2024,4,12,
五色鳥,1,N,FALSE,,6,H1,G2,121.53977,25.01728,曾欣婕、王志惠,5,C,16,56,2024,4,12,
白頭翁,5,Y,TRUE,,6,H1,G2,121.53977,25.01728,曾欣婕、王志惠,5,C,16,56,2024,4,12,
黑領椋鳥,2,N,FALSE,,6,H1,G2,121.53977,25.01728,曾欣婕、王志惠,5,C,16,56,2024,4,12,
夜鷺,1,N,TRUE,,6,H1,G2,121.53977,25.01728,曾欣婕、王志惠,5,C,16,56,2024,4,12,
綠繡眼,1,N,FALSE,,6,H1,G2,121.53977,25.01728,曾欣婕、王志惠,5,C,16,56,2024,4,12,
綠繡眼,2,N,FALSE,,6,H1,G2,121.53977,25.01728,曾欣婕、王志惠,5,C,16,56,2024,4,12,
麻雀,2,N,FALSE,,6,H1,G2,121.53977,25.01728,曾欣婕、王志惠,5,C,16,56,2024,4,12,
白頭翁,3,N,FALSE,,6,H3,"B1,B4",121.54113,25.0154,曾欣婕、王志惠,5,C,17,7,2024,4,12,
白頭翁,1,N,FALSE,,6,H3,"B1,B4",121.54113,25.0154,曾欣婕、王志惠,5,C,17,7,2024,4,12,
喜鵲,1,N,TRUE,,6,H3,"B1,B4",121.54113,25.0154,曾欣婕、王志惠,5,C,17,7,2024,4,12,
金背鳩,1,N,FALSE,,6,H3,"B1,B4",121.54113,25.0154,曾欣婕、王志惠,5,C,17,7,2024,4,12,
金背鳩,1,N,TRUE,,6,H3,"B1,B4",121.54113,25.0154,曾欣婕、王志惠,5,C,17,7,2024,4,12,
家燕,2,N,TRUE,,6,H3,"B1,B4",121.54113,25.0154,曾欣婕、王志惠,5,C,17,7,2024,4,12,
白尾八哥,2,N,FALSE,,6,H3,"B1,B4",121.54113,25.0154,曾欣婕、王志惠,5,C,17,7,2024,4,12,
夜鷺,1,N,FALSE,,6,H3,"B1,B4",121.54113,25.0154,曾欣婕、王志惠,5,C,17,7,2024,4,12,
白尾八哥,1,N,FALSE,,6,H3,"B1,B4",121.54113,25.0154,曾欣婕、王志惠,5,C,17,7,2024,4,12,
白尾八哥,3,N,FALSE,,6,H3,"B1,B4",121.54113,25.0154,曾欣婕、王志惠,5,C,17,7,2024,4,12,
XX燕,1,N,TRUE,,6,H2,"D2,G2",121.53967,25.01611,曾欣婕、王志惠,5,C,17,17,2024,4,12,
黑冠麻鷺,1,N,FALSE,,6,H2,"D2,G2",121.53967,25.01611,曾欣婕、王志惠,5,C,17,17,2024,4,12,
白尾八哥,1,N,FALSE,,6,H2,"D2,G2",121.53967,25.01611,曾欣婕、王志惠,5,C,17,17,2024,4,12,
夜鷺,1,N,FALSE,,6,H2,"D2,G2",121.53967,25.01611,曾欣婕、王志惠,5,C,17,17,2024,4,12,
白頭翁,2,N,TRUE,,6,H2,"D2,G2",121.53967,25.01611,曾欣婕、王志惠,5,C,17,17,2024,4,12,
白尾八哥,1,N,FALSE,,6,H2,"D2,G2",121.53967,25.01611,曾欣婕、王志惠,5,C,17,17,2024,4,12,
白頭翁,2,N,FALSE,,6,H3,"B1,B4",121.54113,25.0154,王志惠、藍彥龍,,C,8,26,2024,4,19,
白尾八哥,2,N,FALSE,,6,H3,"B1,B4",121.54113,25.0154,王志惠、藍彥龍,,C,8,26,2024,4,19,
白頭翁,2,N,FALSE,,6,H3,"B1,B4",121.54113,25.0154,王志惠、藍彥龍,,C,8,26,2024,4,19,
紅嘴黑鵯,2,N,FALSE,,6,H3,"B1,B4",121.54113,25.0154,王志惠、藍彥龍,,C,8,26,2024,4,19,
白頭翁,2,N,TRUE,,6,H3,"B1,B4",121.54113,25.0154,王志惠、藍彥龍,,C,8,26,2024,4,19,
家燕,1,N,TRUE,,6,H3,"B1,B4",121.54113,25.0154,王志惠、藍彥龍,,C,8,26,2024,4,19,
白頭翁,1,N,FALSE,,6,H3,"B1,B4",121.54113,25.0154,王志惠、藍彥龍,,C,8,26,2024,4,19,
白尾八哥,1,N,TRUE,,6,H3,"B1,B4",121.54113,25.0154,王志惠、藍彥龍,,C,8,26,2024,4,19,
白頭翁,1,N,FALSE,,6,H3,"B1,B4",121.54113,25.0154,王志惠、藍彥龍,,C,8,26,2024,4,19,
黑領椋鳥,2,N,FALSE,,6,H3,"B1,B4",121.54113,25.0154,王志惠、藍彥龍,,C,8,26,2024,4,19,
白頭翁,1,N,TRUE,,6,H3,"B1,B4",121.54113,25.0154,王志惠、藍彥龍,,C,8,26,2024,4,19,
白頭翁,2,N,TRUE,,6,H3,"B1,B4",121.54113,25.0154,王志惠、藍彥龍,,C,8,26,2024,4,19,
家燕,1,N,TRUE,,6,H3,"B1,B4",121.54113,25.0154,王志惠、藍彥龍,,C,8,26,2024,4,19,
白頭翁,2,N,TRUE,,6,H3,"B1,B4",121.54113,25.0154,王志惠、藍彥龍,,C,8,36,2024,4,19,
麻雀,1,N,TRUE,,6,H2,"D2,G2",121.53967,25.01611,王志惠、藍彥龍,,C,8,36,2024,4,19,
白頭翁,4,N,FALSE,,6,H2,"D2,G2",121.53967,25.01611,王志惠、藍彥龍,,C,8,36,2024,4,19,
家燕,1,N,FALSE,,6,H2,"D2,G2",121.53967,25.01611,王志惠、藍彥龍,,C,8,36,2024,4,19,
白尾八哥,2,N,FALSE,,6,H2,"D2,G2",121.53967,25.01611,王志惠、藍彥龍,,C,8,36,2024,4,19,
白頭翁,2,N,FALSE,,6,H2,"D2,G2",121.53967,25.01611,王志惠、藍彥龍,,C,8,36,2024,4,19,
白頭翁,2,N,TRUE,,6,H2,"D2,G2",121.53967,25.01611,王志惠、藍彥龍,,C,8,36,2024,4,19,
翠鳥,1,N,FALSE,,6,H2,"D2,G2",121.53967,25.01611,王志惠、藍彥龍,,C,8,36,2024,4,19,
白頭翁,2,N,TRUE,,6,H2,"D2,G2",121.53967,25.01611,王志惠、藍彥龍,,C,8,36,2024,4,19,
金背鳩,2,N,FALSE,,6,H2,"D2,G2",121.53967,25.01611,王志惠、藍彥龍,,C,8,36,2024,4,19,
白頭翁,1,N,FALSE,,6,H2,"D2,G2",121.53967,25.01611,王志惠、藍彥龍,,C,8,36,2024,4,19,
金背鳩,1,N,FALSE,,6,H2,"D2,G2",121.53967,25.01611,王志惠、藍彥龍,,C,8,36,2024,4,19,
白頭翁,2,N,TRUE,,6,H2,"D2,G2",121.53967,25.01611,王志惠、藍彥龍,,C,8,36,2024,4,19,
麻雀,1,N,FALSE,,6,H2,"D2,G2",121.53967,25.01611,王志惠、藍彥龍,,C,8,36,2024,4,19,
麻雀,2,N,FALSE,,6,H2,"D2,G2",121.53967,25.01611,王志惠、藍彥龍,,C,8,36,2024,4,19,
白頭翁,2,N,TRUE,,6,H2,"D2,G2",121.53967,25.01611,王志惠、藍彥龍,,C,8,36,2024,4,19,
喜鵲,1,N,FALSE,,6,H3,"B1,B4",121.54113,25.0154,王志惠、藍彥龍,,C,8,46,2024,4,19,
金背鳩,1,N,FALSE,,6,H3,"B1,B4",121.54113,25.0154,王志惠、藍彥龍,,C,8,46,2024,4,19,
喜鵲,1,N,TRUE,,6,H3,"B1,B4",121.54113,25.0154,王志惠、藍彥龍,,C,8,46,2024,4,19,
白頭翁,1,N,TRUE,,6,H3,"B1,B4",121.54113,25.0154,王志惠、藍彥龍,,C,8,46,2024,4,19,
綠繡眼,2,N,FALSE,,6,H3,"B1,B4",121.54113,25.0154,王志惠、藍彥龍,,C,8,46,2024,4,19,
麻雀,2,N,FALSE,,6,H3,"B1,B4",121.54113,25.0154,王志惠、藍彥龍,,C,8,46,2024,4,19,
白尾八哥,1,N,TRUE,,6,H3,"B1,B4",121.54113,25.0154,王志惠、藍彥龍,,C,8,46,2024,4,19,
XX鳩鴿,1,N,FALSE,,6,H3,"B1,B4",121.54113,25.0154,王志惠、藍彥龍,,C,8,46,2024,4,19,
金背鳩,2,N,FALSE,,6,H3,"B1,B4",121.54113,25.0154,王志惠、藍彥龍,,C,8,46,2024,4,19,
XX鷺,1,N,TRUE,,6,H3,"B1,B4",121.54113,25.0154,王志惠、藍彥龍,,C,8,46,2024,4,19,
麻雀,2,N,FALSE,,6,H3,"B1,B4",121.54113,25.0154,王志惠、藍彥龍,,C,8,46,2024,4,19,
麻雀,3,N,FALSE,,6,H3,"B1,B4",121.54113,25.0154,王志惠、藍彥龍,,C,8,46,2024,4,19,
黑領椋鳥,1,N,FALSE,,6,H3,"B1,B4",121.54113,25.0154,王志惠、藍彥龍,,C,8,46,2024,4,19,
金背鳩,1,N,FALSE,,6,H3,"B1,B4",121.54113,25.0154,王志惠、藍彥龍,,C,8,46,2024,4,19,
喜鵲,1,N,FALSE,,6,H3,"B1,B4",121.54113,25.0154,王志惠、藍彥龍,,C,8,46,2024,4,19,
野鴿,1,N,FALSE,,6,H3,"B1,B4",121.54113,25.0154,王志惠、藍彥龍,,C,8,46,2024,4,19,
XX鷺,1,N,FALSE,,6,H3,"B1,B4",121.54113,25.0154,王志惠、藍彥龍,,C,8,46,2024,4,19,
五色鳥,1,N,FALSE,,6,G1,"D2,G2",121.54222,25.01647,藍彥龍、林秩緯,,C,16,0,2024,4,17,
麻雀,1,N,FALSE,,6,G1,"D2,G2",121.54222,25.01647,藍彥龍、林秩緯,,C,16,0,2024,4,17,
白頭翁,1,N,TRUE,,6,G1,"D2,G2",121.54222,25.01647,藍彥龍、林秩緯,,C,16,0,2024,4,17,
白頭翁,3,N,FALSE,,6,G1,"D2,G2",121.54222,25.01647,藍彥龍、林秩緯,,C,16,0,2024,4,17,
白頭翁,1,N,TRUE,,6,G1,"D2,G2",121.54222,25.01647,藍彥龍、林秩緯,,C,16,0,2024,4,17,
家燕,2,N,TRUE,,6,G1,"D2,G2",121.54222,25.01647,藍彥龍、林秩緯,,C,16,0,2024,4,17,
黑冠麻鷺,1,N,FALSE,,6,G2,G2,121.54193,25.01773,藍彥龍、林秩緯,,E,16,54,2024,4,17,
白頭翁,1,N,FALSE,,6,G2,G2,121.54193,25.01773,藍彥龍、林秩緯,,E,16,54,2024,4,17,
家燕,1,N,FALSE,,6,G2,G2,121.54193,25.01773,藍彥龍、林秩緯,,E,16,54,2024,4,17,
家燕,2,N,TRUE,,6,G2,G2,121.54193,25.01773,藍彥龍、林秩緯,,E,16,54,2024,4,17,
家八哥,1,N,FALSE,,6,G3,G2,121.54222,25.01647,藍彥龍、林秩緯,,E,17,0,2024,4,17,
斯氏繡眼,1,N,FALSE,,6,G3,G2,121.54222,25.01647,藍彥龍、林秩緯,,E,17,0,2024,4,17,
XX鷺,1,N,TRUE,,6,G3,G2,121.54222,25.01647,藍彥龍、林秩緯,,E,17,0,2024,4,17,
家燕,1,N,FALSE,,6,G3,G2,121.54222,25.01647,藍彥龍、林秩緯,,E,17,0,2024,4,17,
白頭翁,1,N,TRUE,,6,G3,G2,121.54222,25.01647,藍彥龍、林秩緯,,E,17,0,2024,4,17,
白頭翁,1,N,TRUE,,6,G3,G2,121.54222,25.01647,藍彥龍、林秩緯,,E,17,0,2024,4,17,
家燕,1,N,TRUE,,6,G3,G2,121.54222,25.01647,藍彥龍、林秩緯,,E,17,0,2024,4,17,
金背鳩,1,N,FALSE,,6,G3,G2,121.54222,25.01647,藍彥龍、林秩緯,,E,17,0,2024,4,17,
白尾八哥,2,N,FALSE,,6,G3,G2,121.54222,25.01647,藍彥龍、林秩緯,,E,17,0,2024,4,17,
XX鷺,1,N,TRUE,,6,H2,"D2,G2",121.53967,25.01611,林秩緯,,A,9,27,2024,4,12,
野鴿,1,N,FALSE,,6,H2,"D2,G2",121.53967,25.01611,林秩緯,,A,9,27,2024,4,12,
白頭翁,1,N,FALSE,,6,H2,"D2,G2",121.53967,25.01611,林秩緯,,A,9,27,2024,4,12,
白尾八哥,1,N,TRUE,,6,H2,"D2,G2",121.53967,25.01611,林秩緯,,A,9,27,2024,4,12,
麻雀,1,N,TRUE,,6,H2,"D2,G2",121.53967,25.01611,林秩緯,,A,9,27,2024,4,12,
家燕,1,N,TRUE,,6,H2,"D2,G2",121.53967,25.01611,林秩緯,,A,9,27,2024,4,12,
家燕,1,N,TRUE,,6,H2,"D2,G2",121.53967,25.01611,林秩緯,,A,9,27,2024,4,12,
野鴿,1,N,FALSE,,6,H2,"D2,G2",121.53967,25.01611,林秩緯,,A,9,27,2024,4,12,
翠鳥,1,N,TRUE,,6,G3,G2,121.54222,25.01647,林秩緯,,A,9,24,2024,4,12,
樹鵲,1,N,TRUE,,6,G3,G2,121.54222,25.01647,林秩緯,,A,9,24,2024,4,12,
白尾八哥,1,N,FALSE,,6,G3,G2,121.54222,25.01647,林秩緯,,A,9,24,2024,4,12,
家燕,1,N,TRUE,,6,G3,G2,121.54222,25.01647,林秩緯,,A,9,24,2024,4,12,
洋燕,1,N,TRUE,,6,G3,G2,121.54222,25.01647,林秩緯,,A,9,24,2024,4,12,
白尾八哥,1,N,FALSE,,6,G3,G2,121.54222,25.01647,林秩緯,,A,9,24,2024,4,12,
麻雀,1,N,FALSE,,6,G2,G2,121.54193,25.01773,林秩緯,,A,9,13,2024,4,12,
黑領椋鳥,1,N,FALSE,,6,G2,G2,121.54193,25.01773,林秩緯,,A,9,13,2024,4,12,
鵲鴝,1,N,FALSE,,6,G2,G2,121.54193,25.01773,林秩緯,,A,9,13,2024,4,12,
家燕,1,N,TRUE,,6,G2,G2,121.54193,25.01773,林秩緯,,A,9,13,2024,4,12,
喜鵲,2,N,FALSE,,6,G2,G2,121.54193,25.01773,林秩緯,,A,9,13,2024,4,12,
樹鵲,2,N,TRUE,,6,G2,G2,121.54193,25.01773,林秩緯,,A,9,13,2024,4,12,
樹鵲,1,N,FALSE,,6,G2,G2,121.54193,25.01773,林秩緯,,A,9,13,2024,4,12,
白頭翁,2,N,FALSE,,6,G2,G2,121.54193,25.01773,林秩緯,,A,9,13,2024,4,12,
家燕,1,N,TRUE,,6,G2,G2,121.54193,25.01773,林秩緯,,A,9,13,2024,4,12,
野鴿,2,N,TRUE,,6,G2,G2,121.54193,25.01773,林秩緯,,A,9,13,2024,4,12,
麻雀,1,N,FALSE,,6,G2,G2,121.54193,25.01773,林秩緯,,A,9,13,2024,4,12,
白頭翁,1,N,FALSE,,6,G2,G2,121.54193,25.01773,林秩緯,,A,9,13,2024,4,12,
斯氏繡眼,1,N,FALSE,,6,G2,G2,121.54193,25.01773,林秩緯,,A,9,13,2024,4,12,
家燕,1,N,TRUE,,6,G2,G2,121.54193,25.01773,林秩緯,,A,9,13,2024,4,12,
樹鵲,1,N,FALSE,,6,G2,G2,121.54193,25.01773,林秩緯,,A,9,13,2024,4,12,
白頭翁,2,N,FALSE,,6,G2,G2,121.54193,25.01773,林秩緯,,A,9,13,2024,4,12,
黑領椋鳥,1,N,FALSE,,6,G1,"D2,G2",121.54222,25.01647,林秩緯,,A,8,56,2024,4,12,
黑冠麻鷺,1,N,FALSE,,6,G1,"D2,G2",121.54222,25.01647,林秩緯,,A,8,56,2024,4,12,
金背鳩,1,N,FALSE,,6,G1,"D2,G2",121.54222,25.01647,林秩緯,,A,8,56,2024,4,12,
綠繡眼,2,N,FALSE,,6,G1,"D2,G2",121.54222,25.01647,林秩緯,,A,8,56,2024,4,12,
綠繡眼,1,N,FALSE,,6,G1,"D2,G2",121.54222,25.01647,林秩緯,,A,8,56,2024,4,12,
喜鵲,2,N,TRUE,,6,G1,"D2,G2",121.54222,25.01647,林秩緯,,A,8,56,2024,4,12,
五色鳥,1,N,FALSE,,6,G1,"D2,G2",121.54222,25.01647,林秩緯,,A,8,56,2024,4,12,
黑領椋鳥,1,N,FALSE,,6,G1,"D2,G2",121.54222,25.01647,林秩緯,,A,8,56,2024,4,12,
白頭翁,1,N,TRUE,,6,G1,"D2,G2",121.54222,25.01647,林秩緯,,A,8,56,2024,4,12,
斯氏繡眼,2,N,FALSE,,6,G1,"D2,G2",121.54222,25.01647,林秩緯,,A,8,56,2024,4,12,
紅嘴黑鵯,1,N,TRUE,,6,G1,"D2,G2",121.54222,25.01647,林秩緯,,A,8,56,2024,4,12,
金背鳩,1,N,FALSE,,6,G1,"D2,G2",121.54222,25.01647,林秩緯,,A,8,56,2024,4,12,
綠繡眼,1,N,TRUE,,6,G1,"D2,G2",121.54222,25.01647,林秩緯,,A,8,56,2024,4,12,
五色鳥,1,N,FALSE,,6,G1,"D2,G2",121.54222,25.01647,林秩緯、藍彥龍,,C,16,45,2024,4,17,
白頭翁,5,Y,FALSE,,6,G1,"D2,G2",121.54222,25.01647,林秩緯、藍彥龍,,C,16,45,2024,4,17,
家燕,2,N,TRUE,,6,G2,G2,121.54193,25.01773,林秩緯、藍彥龍,,E,16,54,2024,4,17,
白頭翁,1,N,TRUE,,6,G2,G2,121.54193,25.01773,林秩緯、藍彥龍,,E,16,54,2024,4,17,
家燕,3,N,TRUE,,6,G2,G2,121.54193,25.01773,林秩緯、藍彥龍,,E,16,54,2024,4,17,
斯氏繡眼,2,N,TRUE,,6,G2,G2,121.54193,25.01773,林秩緯、藍彥龍,,E,16,54,2024,4,17,
紅嘴黑鵯,1,N,FALSE,,6,G2,G2,121.54193,25.01773,林秩緯、藍彥龍,,E,16,54,2024,4,17,
野鴿,1,N,TRUE,,6,G2,G2,121.54193,25.01773,林秩緯、藍彥龍,,E,16,54,2024,4,17,
XX鳩鴿,1,N,TRUE,,6,G2,G2,121.54193,25.01773,林秩緯、藍彥龍,,E,16,54,2024,4,17,
白尾八哥,1,N,FALSE,,6,G3,G2,121.54222,25.01647,林秩緯、藍彥龍,,E,17,4,2024,4,17,
黑冠麻鷺,1,N,FALSE,,6,G3,G2,121.54222,25.01647,林秩緯、藍彥龍,,E,17,4,2024,4,17,
金背鳩,1,N,FALSE,,6,G3,G2,121.54222,25.01647,林秩緯、藍彥龍,,E,17,4,2024,4,17,
家燕,1,N,TRUE,,6,G3,G2,121.54222,25.01647,林秩緯、藍彥龍,,E,17,4,2024,4,17,
白頭翁,2,N,TRUE,,6,G3,G2,121.54222,25.01647,林秩緯、藍彥龍,,E,17,4,2024,4,17,
白頭翁,3,N,FALSE,,6,G3,G2,121.54222,25.01647,林秩緯、藍彥龍,,E,17,4,2024,4,17,
家燕,1,N,TRUE,,6,G3,G2,121.54222,25.01647,林秩緯、藍彥龍,,E,17,4,2024,4,17,
家燕,2,N,TRUE,,6,G3,G2,121.54222,25.01647,林秩緯、藍彥龍,,E,17,4,2024,4,17,
白尾八哥,1,N,TRUE,,6,G3,G2,121.54222,25.01647,林秩緯、藍彥龍,,E,17,4,2024,4,17,
紅嘴黑鵯,2,N,FALSE,,6,G3,G2,121.54222,25.01647,林秩緯、藍彥龍,,E,17,4,2024,4,17,
夜鷺,1,N,TRUE,,6,G3,G2,121.54222,25.01647,林秩緯、藍彥龍,,E,17,4,2024,4,17,
白頭翁,3,N,TRUE,,6,G3,G2,121.54222,25.01647,林秩緯、藍彥龍,,E,17,4,2024,4,17,
家燕,2,N,TRUE,,6,G3,G2,121.54222,25.01647,林秩緯、藍彥龍,,E,17,4,2024,4,17,
白頭翁,1,N,FALSE,,6,G3,G2,121.54222,25.01647,林秩緯、藍彥龍,,E,17,4,2024,4,17,
黑領椋鳥,2,N,FALSE,,6,G3,G2,121.54222,25.01647,林秩緯、藍彥龍,,E,17,4,2024,4,17,
金背鳩,1,N,FALSE,,6,G1,"D2,G2",121.54222,25.01647,林秩緯、曾欣婕,,A,8,28,2024,4,19,
喜鵲,3,N,FALSE,,6,G1,"D2,G2",121.54222,25.01647,林秩緯、曾欣婕,,A,8,28,2024,4,19,
白頭翁,1,N,FALSE,,6,G1,"D2,G2",121.54222,25.01647,林秩緯、曾欣婕,,A,8,28,2024,4,19,
XX鳩鴿,1,N,FALSE,,6,G1,"D2,G2",121.54222,25.01647,林秩緯、曾欣婕,,A,8,28,2024,4,19,
白頭翁,1,N,TRUE,,6,G1,"D2,G2",121.54222,25.01647,林秩緯、曾欣婕,,A,8,28,2024,4,19,
鵲鴝,1,N,TRUE,,6,G1,"D2,G2",121.54222,25.01647,林秩緯、曾欣婕,,A,8,28,2024,4,19,
鵲鴝,1,N,FALSE,,6,G1,"D2,G2",121.54222,25.01647,林秩緯、曾欣婕,,A,8,28,2024,4,19,
白頭翁,1,N,FALSE,,6,G1,"D2,G2",121.54222,25.01647,林秩緯、曾欣婕,,A,8,28,2024,4,19,
鵲鴝,1,N,TRUE,,6,G2,G2,121.54193,25.01773,林秩緯、曾欣婕,,A,8,37,2024,4,19,
喜鵲,2,N,FALSE,,6,G2,G2,121.54193,25.01773,林秩緯、曾欣婕,,A,8,37,2024,4,19,
白頭翁,1,N,TRUE,,6,G2,G2,121.54193,25.01773,林秩緯、曾欣婕,,A,8,37,2024,4,19,
白頭翁,1,N,FALSE,,6,G2,G2,121.54193,25.01773,林秩緯、曾欣婕,,A,8,37,2024,4,19,
金背鳩,1,N,FALSE,,6,G2,G2,121.54193,25.01773,林秩緯、曾欣婕,,A,8,37,2024,4,19,
鵲鴝,1,N,FALSE,,6,G2,G2,121.54193,25.01773,林秩緯、曾欣婕,,A,8,37,2024,4,19,
白頭翁,1,N,FALSE,,6,G2,G2,121.54193,25.01773,林秩緯、曾欣婕,,A,8,37,2024,4,19,
白頭翁,1,N,FALSE,,6,G2,G2,121.54193,25.01773,林秩緯、曾欣婕,,A,8,37,2024,4,19,
金背鳩,1,N,FALSE,,6,G2,G2,121.54193,25.01773,林秩緯、曾欣婕,,A,8,37,2024,4,19,
黑領椋鳥,2,N,FALSE,,6,G3,G2,121.54222,25.01647,林秩緯、曾欣婕,,A,8,49,2024,4,19,
家八哥,1,N,FALSE,,6,G3,G2,121.54222,25.01647,林秩緯、曾欣婕,,A,8,49,2024,4,19,
紅嘴黑鵯,1,N,FALSE,,6,G3,G2,121.54222,25.01647,林秩緯、曾欣婕,,A,8,49,2024,4,19,
白尾八哥,1,N,FALSE,,6,G3,G2,121.54222,25.01647,林秩緯、曾欣婕,,A,8,49,2024,4,19,
白頭翁,2,N,FALSE,,6,G3,G2,121.54222,25.01647,林秩緯、曾欣婕,,A,8,49,2024,4,19,
金背鳩,1,N,FALSE,,6,G3,G2,121.54222,25.01647,林秩緯、曾欣婕,,A,8,49,2024,4,19,
大卷尾,1,N,FALSE,,6,G3,G2,121.54222,25.01647,林秩緯、曾欣婕,,A,8,49,2024,4,19,
黑領椋鳥,1,N,FALSE,,6,G1,"D2,G2",121.54222,25.01647,林秩緯、曾欣婕,,A,8,28,2024,4,19,
白尾八哥,1,N,TRUE,,6,G1,"D2,G2",121.54222,25.01647,林秩緯、曾欣婕,,A,8,28,2024,4,19,
鵲鴝,1,N,TRUE,,6,G1,"D2,G2",121.54222,25.01647,林秩緯、曾欣婕,,A,8,28,2024,4,19,
黑冠麻鷺,1,N,FALSE,,6,G2,G2,121.54193,25.01773,林秩緯、曾欣婕,,A,8,37,2024,4,19,
黑領椋鳥,1,N,FALSE,,6,G2,G2,121.54193,25.01773,林秩緯、曾欣婕,,A,8,37,2024,4,19,
喜鵲,2,N,FALSE,,6,G2,G2,121.54193,25.01773,林秩緯、曾欣婕,,A,8,37,2024,4,19,
樹鵲,2,N,FALSE,,6,G2,G2,121.54193,25.01773,林秩緯、曾欣婕,,A,8,37,2024,4,19,
金背鳩,1,N,FALSE,,6,G2,G2,121.54193,25.01773,林秩緯、曾欣婕,,A,8,37,2024,4,19,
喜鵲,1,N,FALSE,,6,G2,G2,121.54193,25.01773,林秩緯、曾欣婕,,A,8,37,2024,4,19,
白頭翁,2,N,FALSE,,6,G2,G2,121.54193,25.01773,林秩緯、曾欣婕,,A,8,37,2024,4,19,
斯氏繡眼,1,N,FALSE,,6,G2,G2,121.54193,25.01773,林秩緯、曾欣婕,,A,8,37,2024,4,19,
白頭翁,2,N,FALSE,,6,G3,G2,121.54222,25.01647,林秩緯、曾欣婕,,A,8,49,2024,4,19,
家燕,1,N,FALSE,,6,G3,G2,121.54222,25.01647,林秩緯、曾欣婕,,A,8,49,2024,4,19,
白頭翁,1,N,TRUE,,6,G3,G2,121.54222,25.01647,林秩緯、曾欣婕,,A,8,49,2024,4,19,
黃鸝,1,N,FALSE,,6,G3,G2,121.54222,25.01647,林秩緯、曾欣婕,,A,8,49,2024,4,19,
金背鳩,1,N,FALSE,,6,G3,G2,121.54222,25.01647,林秩緯、曾欣婕,,A,8,49,2024,4,19,
白尾八哥,1,N,FALSE,,6,H1,G2,121.53977,25.01728,曾欣婕、王志惠,,D,16,46,2024,4,17,
麻雀,1,N,FALSE,,6,H1,G2,121.53977,25.01728,曾欣婕、王志惠,,D,16,46,2024,4,17,
鵲鴝,1,N,FALSE,,6,H1,G2,121.53977,25.01728,曾欣婕、王志惠,,D,16,46,2024,4,17,
五色鳥,1,N,FALSE,,6,H1,G2,121.53977,25.01728,曾欣婕、王志惠,,D,16,46,2024,4,17,
麻雀,1,N,FALSE,,6,H1,G2,121.53977,25.01728,曾欣婕、王志惠,,D,16,46,2024,4,17,
喜鵲,2,N,FALSE,,6,H1,G2,121.53977,25.01728,曾欣婕、王志惠,,D,16,46,2024,4,17,
白頭翁,1,N,TRUE,,6,H1,G2,121.53977,25.01728,曾欣婕、王志惠,,D,16,46,2024,4,17,
麻雀,2,N,FALSE,,6,H1,G2,121.53977,25.01728,曾欣婕、王志惠,,D,16,46,2024,4,17,
紅嘴黑鵯,1,N,FALSE,,6,H1,G2,121.53977,25.01728,曾欣婕、王志惠,,D,16,46,2024,4,17,
野鴿,5,Y,TRUE,,6,H1,G2,121.53977,25.01728,曾欣婕、王志惠,,D,16,46,2024,4,17,
白頭翁,2,N,TRUE,,6,H1,G2,121.53977,25.01728,曾欣婕、王志惠,,D,16,46,2024,4,17,
麻雀,2,N,TRUE,,6,H1,G2,121.53977,25.01728,曾欣婕、王志惠,,D,16,46,2024,4,17,
麻雀,2,N,TRUE,,6,H1,G2,121.53977,25.01728,曾欣婕、王志惠,,D,16,46,2024,4,17,
麻雀,1,N,TRUE,,6,H1,G2,121.53977,25.01728,曾欣婕、王志惠,,D,16,46,2024,4,17,
麻雀,1,N,TRUE,,6,H1,G2,121.53977,25.01728,曾欣婕、王志惠,,D,16,46,2024,4,17,
斯氏繡眼,1,N,FALSE,,6,H1,G2,121.53977,25.01728,曾欣婕、王志惠,,D,16,46,2024,4,17,
紅嘴黑鵯,1,N,FALSE,,6,H1,G2,121.53977,25.01728,曾欣婕、王志惠,,D,16,46,2024,4,17,
白頭翁,1,N,FALSE,,6,H3,"B1,B4",121.54113,25.0154,曾欣婕、王志惠,,D,16,59,2024,4,17,
白頭翁,2,N,TRUE,,6,H3,"B1,B4",121.54113,25.0154,曾欣婕、王志惠,,D,16,59,2024,4,17,
白頭翁,2,N,TRUE,,6,H3,"B1,B4",121.54113,25.0154,曾欣婕、王志惠,,D,16,59,2024,4,17,
家八哥,1,N,FALSE,,6,H3,"B1,B4",121.54113,25.0154,曾欣婕、王志惠,,D,16,59,2024,4,17,
紅嘴黑鵯,1,N,FALSE,,6,H3,"B1,B4",121.54113,25.0154,曾欣婕、王志惠,,D,16,59,2024,4,17,
黑領椋鳥,1,N,FALSE,,6,H3,"B1,B4",121.54113,25.0154,曾欣婕、王志惠,,D,16,59,2024,4,17,
白頭翁,2,N,FALSE,,6,H3,"B1,B4",121.54113,25.0154,曾欣婕、王志惠,,D,16,59,2024,4,17,
麻雀,2,N,FALSE,,6,H3,"B1,B4",121.54113,25.0154,曾欣婕、王志惠,,D,16,59,2024,4,17,
白頭翁,1,N,TRUE,,6,H3,"B1,B4",121.54113,25.0154,曾欣婕、王志惠,,D,16,59,2024,4,17,
白尾八哥,1,N,TRUE,,6,H3,"B1,B4",121.54113,25.0154,曾欣婕、王志惠,,D,16,59,2024,4,17,
白頭翁,1,N,FALSE,,6,H3,"B1,B4",121.54113,25.0154,曾欣婕、王志惠,,D,16,59,2024,4,17,
白頭翁,1,N,FALSE,,6,H3,"B1,B4",121.54113,25.0154,曾欣婕、王志惠,,D,16,59,2024,4,17,
夜鷺,1,N,FALSE,,6,H2,"D2,G2",121.53967,25.01611,曾欣婕、王志惠,,E,17,11,2024,4,17,
黑領椋鳥,1,N,FALSE,,6,H2,"D2,G2",121.53967,25.01611,曾欣婕、王志惠,,E,17,11,2024,4,17,
家燕,1,N,TRUE,,6,H2,"D2,G2",121.53967,25.01611,曾欣婕、王志惠,,E,17,11,2024,4,17,
家燕,1,N,TRUE,,6,H2,"D2,G2",121.53967,25.01611,曾欣婕、王志惠,,E,17,11,2024,4,17,
五色鳥,1,N,FALSE,,6,H2,"D2,G2",121.53967,25.01611,曾欣婕、王志惠,,E,17,11,2024,4,17,
家燕,2,N,TRUE,,6,H2,"D2,G2",121.53967,25.01611,曾欣婕、王志惠,,E,17,11,2024,4,17,
白頭翁,2,N,TRUE,,6,H2,"D2,G2",121.53967,25.01611,曾欣婕、王志惠,,E,17,11,2024,4,17,
黑領椋鳥,1,N,FALSE,,6,H2,"D2,G2",121.53967,25.01611,曾欣婕、王志惠,,E,17,11,2024,4,17,
白尾八哥,2,N,TRUE,,6,H2,"D2,G2",121.53967,25.01611,曾欣婕、王志惠,,E,17,11,2024,4,17,
家燕,1,N,TRUE,,6,H2,"D2,G2",121.53967,25.01611,曾欣婕、王志惠,,E,17,11,2024,4,17,
白頭翁,1,N,TRUE,,6,H2,"D2,G2",121.53967,25.01611,曾欣婕、王志惠,,E,17,11,2024,4,17,
白頭翁,1,N,TRUE,,6,H2,"D2,G2",121.53967,25.01611,曾欣婕、王志惠,,E,17,11,2024,4,17,
白頭翁,2,N,FALSE,,6,H2,"D2,G2",121.53967,25.01611,曾欣婕、王志惠,,E,17,11,2024,4,17,
白頭翁,2,N,TRUE,,6,H2,"D2,G2",121.53967,25.01611,曾欣婕、王志惠,,E,17,11,2024,4,17,
家燕,2,N,TRUE,,6,H2,"D2,G2",121.53967,25.01611,曾欣婕、王志惠,,E,17,11,2024,4,17,
家燕,2,N,TRUE,,6,H2,"D2,G2",121.53967,25.01611,曾欣婕、王志惠,,E,17,11,2024,4,17,
五色鳥,1,N,FALSE,,6,H2,"D2,G2",121.53967,25.01611,曾欣婕、王志惠,,E,17,11,2024,4,17,
白頭翁,1,N,TRUE,,6,H2,"D2,G2",121.53967,25.01611,曾欣婕、王志惠,,E,17,11,2024,4,17,
白尾八哥,1,N,TRUE,,6,H2,"D2,G2",121.53967,25.01611,曾欣婕、王志惠,,E,17,11,2024,4,17,
麻雀,4,N,FALSE,,6,H1,G2,121.53977,25.01728,王志惠、張家昀、林秩緯,7,A,9,5,2024,4,26,
麻雀,1,N,FALSE,,6,H1,G2,121.53977,25.01728,王志惠、張家昀、林秩緯,7,A,9,5,2024,4,26,
麻雀,1,N,FALSE,,6,H1,G2,121.53977,25.01728,王志惠、張家昀、林秩緯,7,A,9,5,2024,4,26,
麻雀,1,N,TRUE,,6,H1,G2,121.53977,25.01728,王志惠、張家昀、林秩緯,7,A,9,5,2024,4,26,
麻雀,1,N,FALSE,,6,H1,G2,121.53977,25.01728,王志惠、張家昀、林秩緯,7,A,9,5,2024,4,26,
麻雀,1,N,FALSE,,6,H1,G2,121.53977,25.01728,王志惠、張家昀、林秩緯,7,A,9,5,2024,4,26,
白頭翁,2,N,FALSE,,6,H1,G2,121.53977,25.01728,王志惠、張家昀、林秩緯,7,A,9,5,2024,4,26,
喜鵲,1,N,FALSE,,6,H1,G2,121.53977,25.01728,王志惠、張家昀、林秩緯,7,A,9,5,2024,4,26,
麻雀,1,N,FALSE,,6,H1,G2,121.53977,25.01728,王志惠、張家昀、林秩緯,7,A,9,5,2024,4,26,
喜鵲,1,N,FALSE,,6,H1,G2,121.53977,25.01728,王志惠、張家昀、林秩緯,7,A,9,5,2024,4,26,
黑領椋鳥,1,N,TRUE,,6,H1,G2,121.53977,25.01728,王志惠、張家昀、林秩緯,7,A,9,5,2024,4,26,
白頭翁,2,N,FALSE,,6,H1,G2,121.53977,25.01728,王志惠、張家昀、林秩緯,7,A,9,5,2024,4,26,
麻雀,1,N,FALSE,,6,H1,G2,121.53977,25.01728,王志惠、張家昀、林秩緯,7,A,9,5,2024,4,26,
野鴿,1,N,TRUE,,6,H1,G2,121.53977,25.01728,王志惠、張家昀、林秩緯,7,A,9,5,2024,4,26,
白尾八哥,1,N,FALSE,,6,H1,G2,121.53977,25.01728,王志惠、張家昀、林秩緯,7,A,9,5,2024,4,26,
白尾八哥,1,N,TRUE,,6,H2,"D2,G2",121.53967,25.01611,王志惠、張家昀、林秩緯,7,A,9,16,2024,4,26,
夜鷺,2,N,FALSE,,6,H2,"D2,G2",121.53967,25.01611,王志惠、張家昀、林秩緯,7,A,9,16,2024,4,26,
紅嘴黑鵯,2,N,FALSE,,6,H2,"D2,G2",121.53967,25.01611,王志惠、張家昀、林秩緯,7,A,9,16,2024,4,26,
白尾八哥,1,N,TRUE,,6,H2,"D2,G2",121.53967,25.01611,王志惠、張家昀、林秩緯,7,A,9,16,2024,4,26,
家燕,1,N,TRUE,,6,H2,"D2,G2",121.53967,25.01611,王志惠、張家昀、林秩緯,7,A,9,16,2024,4,26,
家燕,1,N,TRUE,,6,H2,"D2,G2",121.53967,25.01611,王志惠、張家昀、林秩緯,7,A,9,16,2024,4,26,
麻雀,2,N,FALSE,,6,H2,"D2,G2",121.53967,25.01611,王志惠、張家昀、林秩緯,7,A,9,16,2024,4,26,
白尾八哥,1,N,TRUE,,6,H2,"D2,G2",121.53967,25.01611,王志惠、張家昀、林秩緯,7,A,9,16,2024,4,26,
家燕,1,N,TRUE,,6,H2,"D2,G2",121.53967,25.01611,王志惠、張家昀、林秩緯,7,A,9,16,2024,4,26,
麻雀,1,N,TRUE,,6,H2,"D2,G2",121.53967,25.01611,王志惠、張家昀、林秩緯,7,A,9,16,2024,4,26,
白尾八哥,1,N,FALSE,,6,H2,"D2,G2",121.53967,25.01611,王志惠、張家昀、林秩緯,7,A,9,16,2024,4,26,
野鴿,1,N,TRUE,,6,H2,"D2,G2",121.53967,25.01611,王志惠、張家昀、林秩緯,7,A,9,16,2024,4,26,
XX燕,1,N,TRUE,,6,H2,"D2,G2",121.53967,25.01611,王志惠、張家昀、林秩緯,7,A,9,16,2024,4,26,
五色鳥,1,N,TRUE,,6,H2,"D2,G2",121.53967,25.01611,王志惠、張家昀、林秩緯,7,A,9,16,2024,4,26,
五色鳥,1,N,FALSE,,6,H2,"D2,G2",121.53967,25.01611,王志惠、張家昀、林秩緯,7,A,9,16,2024,4,26,
白尾八哥,1,N,TRUE,,6,H2,"D2,G2",121.53967,25.01611,王志惠、張家昀、林秩緯,7,A,9,16,2024,4,26,
XX燕,1,N,TRUE,,6,H2,"D2,G2",121.53967,25.01611,王志惠、張家昀、林秩緯,7,A,9,16,2024,4,26,
樹鵲,1,N,FALSE,,6,H3,"B1,B4",121.54113,25.0154,王志惠、張家昀、林秩緯,7,A,9,27,2024,4,26,
白頭翁,2,N,FALSE,,6,H3,"B1,B4",121.54113,25.0154,王志惠、張家昀、林秩緯,7,A,9,27,2024,4,26,
白尾八哥,1,N,FALSE,,6,H3,"B1,B4",121.54113,25.0154,王志惠、張家昀、林秩緯,7,A,9,27,2024,4,26,
斯氏繡眼,1,N,FALSE,,6,H3,"B1,B4",121.54113,25.0154,王志惠、張家昀、林秩緯,7,A,9,27,2024,4,26,
白頭翁,1,N,FALSE,,6,H3,"B1,B4",121.54113,25.0154,王志惠、張家昀、林秩緯,7,A,9,27,2024,4,26,
樹鵲,1,N,FALSE,,6,H3,"B1,B4",121.54113,25.0154,王志惠、張家昀、林秩緯,7,A,9,27,2024,4,26,
白頭翁,1,N,FALSE,,6,H3,"B1,B4",121.54113,25.0154,王志惠、張家昀、林秩緯,7,A,9,27,2024,4,26,
白頭翁,1,N,FALSE,,6,H3,"B1,B4",121.54113,25.0154,王志惠、張家昀、林秩緯,7,A,9,27,2024,4,26,
白頭翁,1,N,FALSE,,6,H3,"B1,B4",121.54113,25.0154,王志惠、張家昀、林秩緯,7,A,9,27,2024,4,26,
白尾八哥,1,N,TRUE,,6,H3,"B1,B4",121.54113,25.0154,王志惠、張家昀、林秩緯,7,A,9,27,2024,4,26,
白頭翁,1,N,FALSE,,6,H3,"B1,B4",121.54113,25.0154,王志惠、張家昀、林秩緯,7,A,9,27,2024,4,26,
白尾八哥,1,N,FALSE,,6,H3,"B1,B4",121.54113,25.0154,王志惠、張家昀、林秩緯,7,A,9,27,2024,4,26,
白尾八哥,1,N,TRUE,,6,H3,"B1,B4",121.54113,25.0154,王志惠、張家昀、林秩緯,7,A,9,27,2024,4,26,
斯氏繡眼,1,N,FALSE,,6,H3,"B1,B4",121.54113,25.0154,王志惠、張家昀、林秩緯,7,A,9,27,2024,4,26,
白頭翁,2,N,FALSE,,6,G1,"D2,G2",121.54222,25.01647,曾欣婕、藍彥龍,7,A,8,30,2024,4,26,
家八哥,2,N,FALSE,,6,G1,"D2,G2",121.54222,25.01647,曾欣婕、藍彥龍,7,A,8,30,2024,4,26,
斯氏繡眼,1,N,FALSE,,6,G1,"D2,G2",121.54222,25.01647,曾欣婕、藍彥龍,7,A,8,30,2024,4,26,
黑領椋鳥,1,N,FALSE,,6,G1,"D2,G2",121.54222,25.01647,曾欣婕、藍彥龍,7,A,8,30,2024,4,26,
白頭翁,2,N,FALSE,,6,G1,"D2,G2",121.54222,25.01647,曾欣婕、藍彥龍,7,A,8,30,2024,4,26,
五色鳥,1,N,FALSE,,6,G1,"D2,G2",121.54222,25.01647,曾欣婕、藍彥龍,7,A,8,30,2024,4,26,
XX八哥,1,N,FALSE,,6,G1,"D2,G2",121.54222,25.01647,曾欣婕、藍彥龍,7,A,8,30,2024,4,26,
鵲鴝,1,N,FALSE,,6,G1,"D2,G2",121.54222,25.01647,曾欣婕、藍彥龍,7,A,8,30,2024,4,26,
家燕,1,N,FALSE,,6,G1,"D2,G2",121.54222,25.01647,曾欣婕、藍彥龍,7,A,8,30,2024,4,26,
麻雀,2,N,FALSE,,6,G1,"D2,G2",121.54222,25.01647,曾欣婕、藍彥龍,7,A,8,30,2024,4,26,
金背鳩,1,N,FALSE,,6,G2,G2,121.54193,25.01773,曾欣婕、藍彥龍,7,A,8,39,2024,4,26,
白頭翁,1,N,FALSE,,6,G2,G2,121.54193,25.01773,曾欣婕、藍彥龍,7,A,8,39,2024,4,26,
紅嘴黑鵯,1,N,FALSE,,6,G2,G2,121.54193,25.01773,曾欣婕、藍彥龍,7,A,8,39,2024,4,26,
綠繡眼,1,N,FALSE,,6,G2,G2,121.54193,25.01773,曾欣婕、藍彥龍,7,A,8,39,2024,4,26,
白頭翁,1,N,TRUE,,6,G2,G2,121.54193,25.01773,曾欣婕、藍彥龍,7,A,8,39,2024,4,26,
白頭翁,1,N,FALSE,,6,G2,G2,121.54193,25.01773,曾欣婕、藍彥龍,7,A,8,39,2024,4,26,
五色鳥,2,N,FALSE,,6,G2,G2,121.54193,25.01773,曾欣婕、藍彥龍,7,A,8,39,2024,4,26,
白頭翁,2,N,FALSE,,6,G2,G2,121.54193,25.01773,曾欣婕、藍彥龍,7,A,8,39,2024,4,26,
白頭翁,1,N,FALSE,,6,G2,G2,121.54193,25.01773,曾欣婕、藍彥龍,7,A,8,39,2024,4,26,
黑冠麻鷺,1,N,FALSE,,6,G2,G2,121.54193,25.01773,曾欣婕、藍彥龍,7,A,8,39,2024,4,26,
麻雀,1,N,TRUE,,6,G2,G2,121.54193,25.01773,曾欣婕、藍彥龍,7,A,8,39,2024,4,26,
紅嘴黑鵯,1,N,FALSE,,6,G2,G2,121.54193,25.01773,曾欣婕、藍彥龍,7,A,8,39,2024,4,26,
鵲鴝,1,N,FALSE,,6,G2,G2,121.54193,25.01773,曾欣婕、藍彥龍,7,A,8,39,2024,4,26,
白頭翁,1,N,TRUE,,6,G2,G2,121.54193,25.01773,曾欣婕、藍彥龍,7,A,8,39,2024,4,26,
麻雀,1,N,FALSE,,6,G2,G2,121.54193,25.01773,曾欣婕、藍彥龍,7,A,8,39,2024,4,26,
麻雀,1,N,FALSE,,6,G2,G2,121.54193,25.01773,曾欣婕、藍彥龍,7,A,8,39,2024,4,26,
麻雀,2,N,FALSE,,6,G2,G2,121.54193,25.01773,曾欣婕、藍彥龍,7,A,8,39,2024,4,26,
紅嘴黑鵯,2,N,FALSE,,6,G2,G2,121.54193,25.01773,曾欣婕、藍彥龍,7,A,8,39,2024,4,26,
麻雀,1,N,FALSE,,6,G2,G2,121.54193,25.01773,曾欣婕、藍彥龍,7,A,8,39,2024,4,26,
白頭翁,2,N,FALSE,,6,G2,G2,121.54193,25.01773,曾欣婕、藍彥龍,7,A,8,39,2024,4,26,
黑領椋鳥,1,N,FALSE,,6,G2,G2,121.54193,25.01773,曾欣婕、藍彥龍,7,A,8,39,2024,4,26,
黑領椋鳥,1,N,FALSE,,6,G2,G2,121.54193,25.01773,曾欣婕、藍彥龍,7,A,8,39,2024,4,26,
麻雀,1,N,FALSE,,6,G2,G2,121.54193,25.01773,曾欣婕、藍彥龍,7,A,8,39,2024,4,26,
五色鳥,1,N,FALSE,,6,G2,G2,121.54193,25.01773,曾欣婕、藍彥龍,7,A,8,39,2024,4,26,
黑領椋鳥,1,N,FALSE,,6,G2,G2,121.54193,25.01773,曾欣婕、藍彥龍,7,A,8,39,2024,4,26,
白頭翁,1,N,FALSE,,6,G3,G2,121.54222,25.01647,曾欣婕、藍彥龍,7,A,8,50,2024,4,26,
麻雀,1,N,FALSE,,6,G3,G2,121.54222,25.01647,曾欣婕、藍彥龍,7,A,8,50,2024,4,26,
白頭翁,2,N,FALSE,,6,G3,G2,121.54222,25.01647,曾欣婕、藍彥龍,7,A,8,50,2024,4,26,
黑領椋鳥,1,N,FALSE,,6,G3,G2,121.54222,25.01647,曾欣婕、藍彥龍,7,A,8,50,2024,4,26,
金背鳩,1,N,FALSE,,6,G3,G2,121.54222,25.01647,曾欣婕、藍彥龍,7,A,8,50,2024,4,26,
白頭翁,2,N,FALSE,,6,G3,G2,121.54222,25.01647,曾欣婕、藍彥龍,7,A,8,50,2024,4,26,
五色鳥,1,N,FALSE,,6,G3,G2,121.54222,25.01647,曾欣婕、藍彥龍,7,A,8,50,2024,4,26,
紅嘴黑鵯,1,N,FALSE,,6,G3,G2,121.54222,25.01647,曾欣婕、藍彥龍,7,A,8,50,2024,4,26,
白頭翁,1,N,TRUE,,6,G3,G2,121.54222,25.01647,曾欣婕、藍彥龍,7,A,8,50,2024,4,26,
麻雀,4,N,FALSE,,6,H1,G2,121.53977,25.01728,林秩緯、藍彥龍,7,C,16,53,2024,4,26,
白頭翁,1,N,TRUE,,6,H1,G2,121.53977,25.01728,林秩緯、藍彥龍,7,C,16,53,2024,4,26,
麻雀,1,N,FALSE,,6,H1,G2,121.53977,25.01728,林秩緯、藍彥龍,7,C,16,53,2024,4,26,
野鴿,3,N,TRUE,,6,H1,G2,121.53977,25.01728,林秩緯、藍彥龍,7,C,16,53,2024,4,26,
白尾八哥,1,N,FALSE,,6,H1,G2,121.53977,25.01728,林秩緯、藍彥龍,7,C,16,53,2024,4,26,
麻雀,1,N,FALSE,,6,H1,G2,121.53977,25.01728,林秩緯、藍彥龍,7,C,16,53,2024,4,26,
白頭翁,2,N,FALSE,,6,H2,"D2,G2",121.53967,25.01611,林秩緯、藍彥龍,7,C,17,3,2024,4,26,
金背鳩,1,N,FALSE,,6,H2,"D2,G2",121.53967,25.01611,林秩緯、藍彥龍,7,C,17,3,2024,4,26,
野鴿,1,N,FALSE,,6,H2,"D2,G2",121.53967,25.01611,林秩緯、藍彥龍,7,C,17,3,2024,4,26,
白頭翁,2,N,FALSE,,6,H2,"D2,G2",121.53967,25.01611,林秩緯、藍彥龍,7,C,17,3,2024,4,26,
麻雀,1,N,FALSE,,6,H2,"D2,G2",121.53967,25.01611,林秩緯、藍彥龍,7,C,17,3,2024,4,26,
野鴿,1,N,FALSE,,6,H2,"D2,G2",121.53967,25.01611,林秩緯、藍彥龍,7,C,17,3,2024,4,26,
麻雀,1,N,FALSE,,6,H2,"D2,G2",121.53967,25.01611,林秩緯、藍彥龍,7,C,17,3,2024,4,26,
白頭翁,3,N,TRUE,,6,H3,"B1,B4",121.54113,25.0154,林秩緯、藍彥龍,7,C,17,15,2024,4,26,
白頭翁,1,N,FALSE,,6,H3,"B1,B4",121.54113,25.0154,林秩緯、藍彥龍,7,C,17,15,2024,4,26,
家八哥,2,N,FALSE,,6,H3,"B1,B4",121.54113,25.0154,林秩緯、藍彥龍,7,C,17,15,2024,4,26,
洋燕,1,N,TRUE,,6,H3,"B1,B4",121.54113,25.0154,林秩緯、藍彥龍,7,C,17,15,2024,4,26,
白頭翁,2,N,TRUE,,6,H3,"B1,B4",121.54113,25.0154,林秩緯、藍彥龍,7,C,17,15,2024,4,26,
夜鷺,2,N,TRUE,,6,H3,"B1,B4",121.54113,25.0154,林秩緯、藍彥龍,7,C,17,15,2024,4,26,
白頭翁,1,N,TRUE,,6,H3,"B1,B4",121.54113,25.0154,林秩緯、藍彥龍,7,C,17,15,2024,4,26,
白頭翁,1,N,FALSE,,6,H3,"B1,B4",121.54113,25.0154,林秩緯、藍彥龍,7,C,17,15,2024,4,26,
夜鷺,1,N,TRUE,,6,H3,"B1,B4",121.54113,25.0154,林秩緯、藍彥龍,7,C,17,15,2024,4,26,
白頭翁,2,N,TRUE,,6,H3,"B1,B4",121.54113,25.0154,林秩緯、藍彥龍,7,C,17,15,2024,4,26,
金背鳩,1,N,FALSE,,6,H3,"B1,B4",121.54113,25.0154,林秩緯、藍彥龍,7,C,17,15,2024,4,26,
家燕,2,N,TRUE,,6,G3,G2,121.54222,25.01647,林秩緯、藍彥龍,7,C,17,28,2024,4,26,
洋燕,1,N,TRUE,,6,G3,G2,121.54222,25.01647,林秩緯、藍彥龍,7,C,17,28,2024,4,26,
家燕,1,N,TRUE,,6,G3,G2,121.54222,25.01647,林秩緯、藍彥龍,7,C,17,28,2024,4,26,
白頭翁,2,N,FALSE,,6,G3,G2,121.54222,25.01647,林秩緯、藍彥龍,7,C,17,28,2024,4,26,
白尾八哥,5,Y,FALSE,,6,G3,G2,121.54222,25.01647,林秩緯、藍彥龍,7,C,17,28,2024,4,26,
家燕,1,N,TRUE,,6,G3,G2,121.54222,25.01647,林秩緯、藍彥龍,7,C,17,28,2024,4,26,
家燕,1,N,TRUE,,6,G3,G2,121.54222,25.01647,林秩緯、藍彥龍,7,C,17,28,2024,4,26,
黑領椋鳥,1,N,FALSE,,6,G3,G2,121.54222,25.01647,林秩緯、藍彥龍,7,C,17,28,2024,4,26,
白尾八哥,1,N,TRUE,,6,G3,G2,121.54222,25.01647,林秩緯、藍彥龍,7,C,17,28,2024,4,26,
白尾八哥,1,N,FALSE,,6,G3,G2,121.54222,25.01647,林秩緯、藍彥龍,7,C,17,28,2024,4,26,
斯氏繡眼,1,N,FALSE,,6,G3,G2,121.54222,25.01647,林秩緯、藍彥龍,7,C,17,28,2024,4,26,
斯氏繡眼,2,N,FALSE,,6,G3,G2,121.54222,25.01647,林秩緯、藍彥龍,7,C,17,28,2024,4,26,
白頭翁,2,N,FALSE,,6,G3,G2,121.54222,25.01647,林秩緯、藍彥龍,7,C,17,28,2024,4,26,
家燕,1,N,FALSE,,6,G3,G2,121.54222,25.01647,林秩緯、藍彥龍,7,C,17,28,2024,4,26,
黃鸝,1,N,FALSE,,6,G2,G2,121.54193,25.01773,林秩緯、藍彥龍,7,C,17,39,2024,4,26,
家燕,2,N,TRUE,,6,G2,G2,121.54193,25.01773,林秩緯、藍彥龍,7,C,17,39,2024,4,26,
喜鵲,1,N,TRUE,,6,G2,G2,121.54193,25.01773,林秩緯、藍彥龍,7,C,17,39,2024,4,26,
家燕,2,N,TRUE,,6,G2,G2,121.54193,25.01773,林秩緯、藍彥龍,7,C,17,39,2024,4,26,
黑冠麻鷺,2,N,FALSE,,6,G2,G2,121.54193,25.01773,林秩緯、藍彥龍,7,C,17,39,2024,4,26,
夜鷺,3,N,TRUE,,6,G2,G2,121.54193,25.01773,林秩緯、藍彥龍,7,C,17,39,2024,4,26,
家燕,2,N,TRUE,,6,G2,G2,121.54193,25.01773,林秩緯、藍彥龍,7,C,17,39,2024,4,26,
洋燕,2,N,TRUE,,6,G2,G2,121.54193,25.01773,林秩緯、藍彥龍,7,C,17,39,2024,4,26,
洋燕,1,N,TRUE,,6,G2,G2,121.54193,25.01773,林秩緯、藍彥龍,7,C,17,39,2024,4,26,
家燕,2,N,TRUE,,6,G2,G2,121.54193,25.01773,林秩緯、藍彥龍,7,C,17,39,2024,4,26,
白尾八哥,1,N,FALSE,,6,G2,G2,121.54193,25.01773,林秩緯、藍彥龍,7,C,17,39,2024,4,26,
白頭翁,1,N,TRUE,,6,G2,G2,121.54193,25.01773,林秩緯、藍彥龍,7,C,17,39,2024,4,26,
紅嘴黑鵯,1,N,FALSE,,6,G1,"D2,G2",121.54222,25.01647,林秩緯、藍彥龍,7,C,17,48,2024,4,26,
白尾八哥,1,N,TRUE,,6,G1,"D2,G2",121.54222,25.01647,林秩緯、藍彥龍,7,C,17,48,2024,4,26,
XX鳩鴿,1,N,TRUE,,6,G1,"D2,G2",121.54222,25.01647,林秩緯、藍彥龍,7,C,17,48,2024,4,26,
家燕,2,N,TRUE,,6,G1,"D2,G2",121.54222,25.01647,林秩緯、藍彥龍,7,C,17,48,2024,4,26,
麻雀,1,N,TRUE,,6,H1,G2,121.53977,25.01728,林秩緯、藍彥龍,7,C,16,53,2024,4,26,
野鴿,1,N,FALSE,,6,H1,G2,121.53977,25.01728,林秩緯、藍彥龍,7,C,16,53,2024,4,26,
麻雀,1,N,FALSE,,6,H1,G2,121.53977,25.01728,林秩緯、藍彥龍,7,C,16,53,2024,4,26,
野鴿,1,N,TRUE,,6,H1,G2,121.53977,25.01728,林秩緯、藍彥龍,7,C,16,53,2024,4,26,
白頭翁,4,N,TRUE,,6,H1,G2,121.53977,25.01728,林秩緯、藍彥龍,7,C,16,53,2024,4,26,
麻雀,2,N,TRUE,,6,H1,G2,121.53977,25.01728,林秩緯、藍彥龍,7,C,16,53,2024,4,26,
麻雀,2,N,TRUE,,6,H1,G2,121.53977,25.01728,林秩緯、藍彥龍,7,C,16,53,2024,4,26,
黑領椋鳥,1,N,TRUE,,6,H1,G2,121.53977,25.01728,林秩緯、藍彥龍,7,C,16,53,2024,4,26,
夜鷺,1,N,TRUE,,6,H1,G2,121.53977,25.01728,林秩緯、藍彥龍,7,C,16,53,2024,4,26,
洋燕,1,N,TRUE,,6,H2,"D2,G2",121.53967,25.01611,林秩緯、藍彥龍,7,C,17,3,2024,4,26,
翠鳥,1,N,TRUE,,6,H2,"D2,G2",121.53967,25.01611,林秩緯、藍彥龍,7,C,17,3,2024,4,26,
金背鳩,1,N,FALSE,,6,H2,"D2,G2",121.53967,25.01611,林秩緯、藍彥龍,7,C,17,3,2024,4,26,
家燕,1,N,TRUE,,6,H2,"D2,G2",121.53967,25.01611,林秩緯、藍彥龍,7,C,17,3,2024,4,26,
夜鷺,1,N,FALSE,,6,H2,"D2,G2",121.53967,25.01611,林秩緯、藍彥龍,7,C,17,3,2024,4,26,
翠鳥,1,N,FALSE,,6,H2,"D2,G2",121.53967,25.01611,林秩緯、藍彥龍,7,C,17,3,2024,4,26,
XX八哥,1,N,FALSE,,6,H2,"D2,G2",121.53967,25.01611,林秩緯、藍彥龍,7,C,17,3,2024,4,26,
麻雀,1,N,TRUE,,6,H3,"B1,B4",121.54113,25.0154,林秩緯、藍彥龍,7,C,17,15,2024,4,26,
白頭翁,1,N,TRUE,,6,H3,"B1,B4",121.54113,25.0154,林秩緯、藍彥龍,7,C,17,15,2024,4,26,
XX鷺,1,N,TRUE,,6,H3,"B1,B4",121.54113,25.0154,林秩緯、藍彥龍,7,C,17,15,2024,4,26,
家八哥,1,N,TRUE,,6,H3,"B1,B4",121.54113,25.0154,林秩緯、藍彥龍,7,C,17,15,2024,4,26,
家燕,1,N,TRUE,,6,H3,"B1,B4",121.54113,25.0154,林秩緯、藍彥龍,7,C,17,15,2024,4,26,
白頭翁,1,N,TRUE,,6,H3,"B1,B4",121.54113,25.0154,林秩緯、藍彥龍,7,C,17,15,2024,4,26,
夜鷺,1,N,TRUE,,6,H3,"B1,B4",121.54113,25.0154,林秩緯、藍彥龍,7,C,17,15,2024,4,26,
白頭翁,1,N,FALSE,,6,H3,"B1,B4",121.54113,25.0154,林秩緯、藍彥龍,7,C,17,15,2024,4,26,
白頭翁,1,N,FALSE,,6,H3,"B1,B4",121.54113,25.0154,林秩緯、藍彥龍,7,C,17,15,2024,4,26,
五色鳥,1,N,FALSE,,6,H3,"B1,B4",121.54113,25.0154,林秩緯、藍彥龍,7,C,17,15,2024,4,26,
家八哥,1,N,FALSE,,6,G3,G2,121.54222,25.01647,林秩緯、藍彥龍,7,C,17,28,2024,4,26,
白頭翁,2,N,FALSE,,6,G3,G2,121.54222,25.01647,林秩緯、藍彥龍,7,C,17,28,2024,4,26,
家燕,1,N,TRUE,,6,G3,G2,121.54222,25.01647,林秩緯、藍彥龍,7,C,17,28,2024,4,26,
紅嘴黑鵯,2,N,FALSE,,6,G3,G2,121.54222,25.01647,林秩緯、藍彥龍,7,C,17,28,2024,4,26,
五色鳥,1,N,FALSE,,6,G3,G2,121.54222,25.01647,林秩緯、藍彥龍,7,C,17,28,2024,4,26,
家八哥,1,N,FALSE,,6,G3,G2,121.54222,25.01647,林秩緯、藍彥龍,7,C,17,28,2024,4,26,
白頭翁,1,N,TRUE,,6,G3,G2,121.54222,25.01647,林秩緯、藍彥龍,7,C,17,28,2024,4,26,
白頭翁,3,N,FALSE,,6,G2,G2,121.54193,25.01773,林秩緯、藍彥龍,7,C,17,39,2024,4,26,
白頭翁,2,N,TRUE,,6,G2,G2,121.54193,25.01773,林秩緯、藍彥龍,7,C,17,39,2024,4,26,
家燕,2,N,TRUE,,6,G2,G2,121.54193,25.01773,林秩緯、藍彥龍,7,C,17,39,2024,4,26,
鵲鴝,1,N,FALSE,,6,G2,G2,121.54193,25.01773,林秩緯、藍彥龍,7,C,17,39,2024,4,26,
白頭翁,1,N,FALSE,,6,G1,"D2,G2",121.54222,25.01647,林秩緯、藍彥龍,7,C,17,48,2024,4,26,
五色鳥,1,N,FALSE,,6,G1,"D2,G2",121.54222,25.01647,林秩緯、藍彥龍,7,C,17,48,2024,4,26,
麻雀,2,N,FALSE,,6,H1,G2,121.53977,25.01728,張家昀、王志惠,8,A,9,4,2024,5,3,
麻雀,1,N,FALSE,,6,H1,G2,121.53977,25.01728,張家昀、王志惠,8,A,9,4,2024,5,3,
樹鵲,1,N,FALSE,,6,H1,G2,121.53977,25.01728,張家昀、王志惠,8,A,9,4,2024,5,3,
白頭翁,2,N,TRUE,,6,H1,G2,121.53977,25.01728,張家昀、王志惠,8,A,9,4,2024,5,3,
白尾八哥,1,N,FALSE,,6,H1,G2,121.53977,25.01728,張家昀、王志惠,8,A,9,4,2024,5,3,
白頭翁,1,N,TRUE,,6,H1,G2,121.53977,25.01728,張家昀、王志惠,8,A,9,4,2024,5,3,
夜鷺,1,N,TRUE,,6,H1,G2,121.53977,25.01728,張家昀、王志惠,8,A,9,4,2024,5,3,
麻雀,1,N,TRUE,,6,H1,G2,121.53977,25.01728,張家昀、王志惠,8,A,9,4,2024,5,3,
白尾八哥,1,N,FALSE,,6,G3,G2,121.54222,25.01647,張家昀、王志惠,8,A,9,15,2024,5,3,
xx鷺,1,N,TRUE,,6,G3,G2,121.54222,25.01647,張家昀、王志惠,8,A,9,15,2024,5,3,
麻雀,1,N,FALSE,,6,G3,G2,121.54222,25.01647,張家昀、王志惠,8,A,9,15,2024,5,3,
麻雀,3,N,FALSE,,6,G3,G2,121.54222,25.01647,張家昀、王志惠,8,A,9,15,2024,5,3,
麻雀,1,N,FALSE,,6,G3,G2,121.54222,25.01647,張家昀、王志惠,8,A,9,15,2024,5,3,
喜鵲,1,N,TRUE,,6,G3,G2,121.54222,25.01647,張家昀、王志惠,8,A,9,15,2024,5,3,
白頭翁,2,N,TRUE,,6,G3,G2,121.54222,25.01647,張家昀、王志惠,8,A,9,15,2024,5,3,
五色鳥,1,N,FALSE,,6,G1,"D2,G2",121.54222,25.01647,張家昀、王志惠,8,A,9,24,2024,5,3,
麻雀,1,N,TRUE,,6,G1,"D2,G2",121.54222,25.01647,張家昀、王志惠,8,A,9,24,2024,5,3,
樹鵲,1,N,FALSE,,6,G2,G2,121.54193,25.01773,張家昀、王志惠,8,A,9,32,2024,5,3,
黑領椋鳥,1,N,FALSE,,6,G2,G2,121.54193,25.01773,張家昀、王志惠,8,A,9,32,2024,5,3,
家燕,1,N,FALSE,,6,G2,G2,121.54193,25.01773,張家昀、王志惠,8,A,9,32,2024,5,3,
白頭翁,1,N,TRUE,,6,G2,G2,121.54193,25.01773,張家昀、王志惠,8,A,9,32,2024,5,3,
喜鵲,1,N,TRUE,,6,G2,G2,121.54193,25.01773,張家昀、王志惠,8,A,9,32,2024,5,3,
鵲鴝,2,N,FALSE,,6,G2,G2,121.54193,25.01773,張家昀、王志惠,8,A,9,32,2024,5,3,
白頭翁,1,N,FALSE,,6,H3,"B1,B4",121.54113,25.0154,張家昀、王志惠,8,A,9,44,2024,5,3,
黑領椋鳥,1,N,FALSE,,6,H3,"B1,B4",121.54113,25.0154,張家昀、王志惠,8,A,9,44,2024,5,3,
樹鵲,2,N,FALSE,,6,H3,"B1,B4",121.54113,25.0154,張家昀、王志惠,8,A,9,44,2024,5,3,
綠繡眼,2,N,FALSE,,6,H3,"B1,B4",121.54113,25.0154,張家昀、王志惠,8,A,9,44,2024,5,3,
白尾八哥,1,N,FALSE,,6,H3,"B1,B4",121.54113,25.0154,張家昀、王志惠,8,A,9,44,2024,5,3,
白尾八哥,2,N,FALSE,,6,H3,"B1,B4",121.54113,25.0154,張家昀、王志惠,8,A,9,44,2024,5,3,
白頭翁,1,N,FALSE,,6,H3,"B1,B4",121.54113,25.0154,張家昀、王志惠,8,A,9,44,2024,5,3,
金背鳩,2,N,FALSE,,6,H3,"B1,B4",121.54113,25.0154,張家昀、王志惠,8,A,9,44,2024,5,3,
黑領椋鳥,1,N,FALSE,,6,H3,"B1,B4",121.54113,25.0154,張家昀、王志惠,8,A,9,44,2024,5,3,
家燕,1,N,TRUE,,6,H3,"B1,B4",121.54113,25.0154,張家昀、王志惠,8,A,9,44,2024,5,3,
白頭翁,1,N,FALSE,,6,H3,"B1,B4",121.54113,25.0154,張家昀、王志惠,8,A,9,44,2024,5,3,
白頭翁,2,N,TRUE,,6,H3,"B1,B4",121.54113,25.0154,張家昀、王志惠,8,A,9,44,2024,5,3,
綠繡眼,1,N,FALSE,,6,H3,"B1,B4",121.54113,25.0154,張家昀、王志惠,8,A,9,44,2024,5,3,
麻雀,1,N,FALSE,,6,H2,"D2,G2",121.53967,25.01611,張家昀、王志惠,8,A,9,52,2024,5,3,
五色鳥,1,N,FALSE,,6,H2,"D2,G2",121.53967,25.01611,張家昀、王志惠,8,A,9,52,2024,5,3,
xx鷺,1,N,TRUE,,6,H2,"D2,G2",121.53967,25.01611,張家昀、王志惠,8,A,9,52,2024,5,3,
白頭翁,1,N,FALSE,,6,H2,"D2,G2",121.53967,25.01611,張家昀、王志惠,8,A,9,52,2024,5,3,
xx鷺,1,N,TRUE,,6,H2,"D2,G2",121.53967,25.01611,張家昀、王志惠,8,A,9,52,2024,5,3,
白頭翁,1,N,FALSE,,6,G1,"D2,G2",121.54222,25.01647,曾欣婕、藍彥龍,8,C,16,10,2024,5,6,
麻雀,2,N,FALSE,,6,G1,"D2,G2",121.54222,25.01647,曾欣婕、林秩緯,8,C,16,10,2024,5,6,
白頭翁,1,N,TRUE,,6,G1,"D2,G2",121.54222,25.01647,曾欣婕、林秩緯,8,C,16,10,2024,5,6,
白頭翁,2,N,FALSE,,6,G1,"D2,G2",121.54222,25.01647,曾欣婕、林秩緯,8,C,16,10,2024,5,6,
金背鳩,1,N,FALSE,,6,G1,"D2,G2",121.54222,25.01647,曾欣婕、林秩緯,8,C,16,10,2024,5,6,
白尾八哥,3,N,TRUE,,6,G1,"D2,G2",121.54222,25.01647,曾欣婕、林秩緯,8,C,16,10,2024,5,6,
紅嘴黑鵯,1,N,FALSE,,6,G1,"D2,G2",121.54222,25.01647,曾欣婕、林秩緯,8,C,16,10,2024,5,6,
黑領椋鳥,1,N,FALSE,,6,G1,"D2,G2",121.54222,25.01647,曾欣婕、林秩緯,8,C,16,10,2024,5,6,
白頭翁,2,N,TRUE,,6,G1,"D2,G2",121.54222,25.01647,曾欣婕、林秩緯,8,C,16,10,2024,5,6,
鵲鴝,1,N,TRUE,,6,G1,"D2,G2",121.54222,25.01647,曾欣婕、林秩緯,8,C,16,10,2024,5,6,
綠繡眼,2,N,FALSE,,6,G1,"D2,G2",121.54222,25.01647,曾欣婕、林秩緯,8,C,16,10,2024,5,6,
金背鳩,1,N,FALSE,,6,G1,"D2,G2",121.54222,25.01647,曾欣婕、林秩緯,8,C,16,10,2024,5,6,
黃頭鷺,1,N,FALSE,,6,G2,G2,121.54193,25.01773,曾欣婕、林秩緯,8,C,16,18,2024,5,6,
鵲鴝,1,N,FALSE,,6,G2,G2,121.54193,25.01773,曾欣婕、林秩緯,8,C,16,18,2024,5,6,
白頭翁,1,N,TRUE,,6,G2,G2,121.54193,25.01773,曾欣婕、林秩緯,8,C,16,18,2024,5,6,
鵲鴝,1,N,FALSE,,6,G2,G2,121.54193,25.01773,曾欣婕、林秩緯,8,C,16,18,2024,5,6,
黑領椋鳥,1,N,FALSE,,6,G2,G2,121.54193,25.01773,曾欣婕、林秩緯,8,C,16,18,2024,5,6,
五色鳥,1,N,FALSE,,6,G2,G2,121.54193,25.01773,曾欣婕、林秩緯,8,C,16,18,2024,5,6,
白頭翁,1,N,FALSE,,6,G2,G2,121.54193,25.01773,曾欣婕、林秩緯,8,C,16,18,2024,5,6,
樹鵲,1,N,TRUE,,6,G2,G2,121.54193,25.01773,曾欣婕、林秩緯,8,C,16,18,2024,5,6,
夜鷺,1,N,TRUE,,6,G2,G2,121.54193,25.01773,曾欣婕、林秩緯,8,C,16,18,2024,5,6,
洋燕,1,N,TRUE,,6,G2,G2,121.54193,25.01773,曾欣婕、林秩緯,8,C,16,18,2024,5,6,
麻雀,6,N,FALSE,,6,G3,G2,121.54222,25.01647,曾欣婕、林秩緯,8,C,16,29,2024,5,6,
白頭翁,2,N,FALSE,,6,G3,G2,121.54222,25.01647,曾欣婕、林秩緯,8,C,16,29,2024,5,6,
家八哥,1,N,FALSE,,6,G3,G2,121.54222,25.01647,曾欣婕、林秩緯,8,C,16,29,2024,5,6,
白尾八哥,1,N,TRUE,,6,G3,G2,121.54222,25.01647,曾欣婕、林秩緯,8,C,16,29,2024,5,6,
黑領椋鳥,2,N,FALSE,,6,G3,G2,121.54222,25.01647,曾欣婕、林秩緯,8,C,16,29,2024,5,6,
白頭翁,1,N,FALSE,,6,G3,G2,121.54222,25.01647,曾欣婕、林秩緯,8,C,16,29,2024,5,6,
白尾八哥,2,N,FALSE,,6,G3,G2,121.54222,25.01647,曾欣婕、林秩緯,8,C,16,29,2024,5,6,
黑冠麻鷺,1,N,FALSE,,6,G3,G2,121.54222,25.01647,曾欣婕、林秩緯,8,C,16,29,2024,5,6,
白頭翁,2,N,FALSE,,6,G3,G2,121.54222,25.01647,曾欣婕、林秩緯,8,C,16,29,2024,5,6,
黑領椋鳥,1,N,TRUE,,6,G3,G2,121.54222,25.01647,曾欣婕、林秩緯,8,C,16,29,2024,5,6,
白尾八哥,1,N,TRUE,,6,G3,G2,121.54222,25.01647,曾欣婕、林秩緯,8,C,16,29,2024,5,6,
白頭翁,2,N,FALSE,,6,H3,"B1,B4",121.54113,25.0154,曾欣婕、林秩緯,8,C,16,40,2024,5,6,
野鴿,1,N,FALSE,,6,H3,"B1,B4",121.54113,25.0154,曾欣婕、林秩緯,8,C,16,40,2024,5,6,
白頭翁,1,N,FALSE,,6,H3,"B1,B4",121.54113,25.0154,曾欣婕、林秩緯,8,C,16,40,2024,5,6,
白頭翁,1,N,FALSE,,6,H3,"B1,B4",121.54113,25.0154,曾欣婕、林秩緯,8,C,16,40,2024,5,6,
家八哥,1,N,FALSE,,6,H3,"B1,B4",121.54113,25.0154,曾欣婕、林秩緯,8,C,16,40,2024,5,6,
白頭翁,1,N,TRUE,,6,H3,"B1,B4",121.54113,25.0154,曾欣婕、林秩緯,8,C,16,40,2024,5,6,
黑領椋鳥,1,N,FALSE,,6,H3,"B1,B4",121.54113,25.0154,曾欣婕、林秩緯,8,C,16,40,2024,5,6,
樹鵲,1,N,FALSE,,6,H3,"B1,B4",121.54113,25.0154,曾欣婕、林秩緯,8,C,16,40,2024,5,6,
白頭翁,1,N,FALSE,,6,H3,"B1,B4",121.54113,25.0154,曾欣婕、林秩緯,8,C,16,40,2024,5,6,
野鴿,2,N,FALSE,,6,H3,"B1,B4",121.54113,25.0154,曾欣婕、林秩緯,8,C,16,40,2024,5,6,
紅嘴黑鵯,3,N,TRUE,,6,H3,"B1,B4",121.54113,25.0154,曾欣婕、林秩緯,8,C,16,40,2024,5,6,
白頭翁,3,N,TRUE,,6,H3,"B1,B4",121.54113,25.0154,曾欣婕、林秩緯,8,C,16,40,2024,5,6,
家燕,1,N,FALSE,,6,H3,"B1,B4",121.54113,25.0154,曾欣婕、林秩緯,8,C,16,40,2024,5,6,
紅冠水雞,1,N,FALSE,,6,H3,"B1,B4",121.54113,25.0154,曾欣婕、林秩緯,8,C,16,40,2024,5,6,
白頭翁,1,N,TRUE,,6,H3,"B1,B4",121.54113,25.0154,曾欣婕、林秩緯,8,C,16,40,2024,5,6,
白頭翁,1,N,FALSE,,6,H3,"B1,B4",121.54113,25.0154,曾欣婕、林秩緯,8,C,16,40,2024,5,6,
斑文鳥,1,N,FALSE,,6,H3,"B1,B4",121.54113,25.0154,曾欣婕、林秩緯,8,C,16,40,2024,5,6,
喜鵲,3,N,FALSE,,6,H1,G2,121.53977,25.01728,曾欣婕、林秩緯,8,C,16,50,2024,5,6,
金背鳩,2,N,FALSE,,6,H1,G2,121.53977,25.01728,曾欣婕、林秩緯,8,C,16,50,2024,5,6,
麻雀,1,N,TRUE,,6,H1,G2,121.53977,25.01728,曾欣婕、林秩緯,8,C,16,50,2024,5,6,
白頭翁,3,N,FALSE,,6,H1,G2,121.53977,25.01728,曾欣婕、林秩緯,8,C,16,50,2024,5,6,
白尾八哥,3,N,TRUE,,6,H1,G2,121.53977,25.01728,曾欣婕、林秩緯,8,C,16,50,2024,5,6,
洋燕,1,N,TRUE,,6,H1,G2,121.53977,25.01728,曾欣婕、林秩緯,8,C,16,50,2024,5,6,
XX鳩鴿,2,N,TRUE,,6,H1,G2,121.53977,25.01728,曾欣婕、林秩緯,8,C,16,50,2024,5,6,
XX八哥,1,N,TRUE,,6,H1,G2,121.53977,25.01728,曾欣婕、林秩緯,8,C,16,50,2024,5,6,
紅嘴黑鵯,3,N,FALSE,,6,H2,"D2,G2",121.53967,25.01611,曾欣婕、林秩緯,8,C,17,0,2024,5,6,
白頭翁,1,N,FALSE,,6,H2,"D2,G2",121.53967,25.01611,曾欣婕、林秩緯,8,C,17,0,2024,5,6,
家燕,2,N,TRUE,,6,H2,"D2,G2",121.53967,25.01611,曾欣婕、林秩緯,8,C,17,0,2024,5,6,
白尾八哥,1,N,TRUE,,6,H2,"D2,G2",121.53967,25.01611,曾欣婕、林秩緯,8,C,17,0,2024,5,6,
家燕,1,N,TRUE,,6,H2,"D2,G2",121.53967,25.01611,曾欣婕、林秩緯,8,C,17,0,2024,5,6,
家燕,1,N,TRUE,,6,H2,"D2,G2",121.53967,25.01611,曾欣婕、林秩緯,8,C,17,0,2024,5,6,
白頭翁,2,N,TRUE,,6,H2,"D2,G2",121.53967,25.01611,曾欣婕、林秩緯,8,C,17,0,2024,5,6,
夜鷺,1,N,FALSE,,6,H2,"D2,G2",121.53967,25.01611,曾欣婕、林秩緯,8,C,17,0,2024,5,6,
黑領椋鳥,1,N,TRUE,,6,H2,"D2,G2",121.53967,25.01611,曾欣婕、林秩緯,8,C,17,0,2024,5,6,
家燕,1,N,TRUE,,6,H2,"D2,G2",121.53967,25.01611,曾欣婕、林秩緯,8,C,17,0,2024,5,6,
夜鷺,1,N,TRUE,,6,H2,"D2,G2",121.53967,25.01611,曾欣婕、林秩緯,8,C,17,0,2024,5,6,
金背鳩,1,N,FALSE,,6,H2,"D2,G2",121.53967,25.01611,曾欣婕、林秩緯,8,C,17,0,2024,5,6,
黑領椋鳥,3,N,TRUE,,6,H2,"D2,G2",121.53967,25.01611,曾欣婕、林秩緯,8,C,17,0,2024,5,6,
白尾八哥,2,N,FALSE,,6,H2,"D2,G2",121.53967,25.01611,曾欣婕、林秩緯,8,C,17,0,2024,5,6,
白腹秧雞,1,N,FALSE,,6,H2,"D2,G2",121.53967,25.01611,曾欣婕、林秩緯,8,C,17,0,2024,5,6,
白頭翁,2,N,TRUE,,6,H2,"D2,G2",121.53967,25.01611,曾欣婕、林秩緯,8,C,17,0,2024,5,6,
五色鳥,1,N,FALSE,,6,H2,"D2,G2",121.53967,25.01611,曾欣婕、林秩緯,8,C,17,0,2024,5,6,
白尾八哥,1,N,FALSE,,6,H2,"D2,G2",121.53967,25.01611,曾欣婕、林秩緯,8,C,17,0,2024,5,6,
紅冠水雞,1,N,FALSE,,6,H2,"D2,G2",121.53967,25.01611,曾欣婕、林秩緯,8,C,17,0,2024,5,6,
麻雀,1,N,FALSE,,6,H1,G2,121.53977,25.01728,張家昀、王志惠,9,B,9,7,2024,5,10,
XX燕,1,N,TRUE,,6,H1,G2,121.53977,25.01728,張家昀、王志惠,9,B,9,7,2024,5,10,
麻雀,1,N,FALSE,,6,H1,G2,121.53977,25.01728,張家昀、王志惠,9,B,9,7,2024,5,10,
白頭翁,2,N,TRUE,,6,H1,G2,121.53977,25.01728,張家昀、王志惠,9,B,9,7,2024,5,10,
麻雀,1,N,FALSE,,6,H1,G2,121.53977,25.01728,張家昀、王志惠,9,B,9,7,2024,5,10,
麻雀,3,N,FALSE,,6,H1,G2,121.53977,25.01728,張家昀、王志惠,9,B,9,7,2024,5,10,
黑領椋鳥,1,N,FALSE,,6,H1,G2,121.53977,25.01728,張家昀、王志惠,9,B,9,7,2024,5,10,
XX八哥,1,N,TRUE,,6,H1,G2,121.53977,25.01728,張家昀、王志惠,9,B,9,7,2024,5,10,
白尾八哥,2,N,FALSE,,6,H1,G2,121.53977,25.01728,張家昀、王志惠,9,B,9,7,2024,5,10,
麻雀,2,N,TRUE,,6,H1,G2,121.53977,25.01728,張家昀、王志惠,9,B,9,7,2024,5,10,
麻雀,1,N,FALSE,,6,H1,G2,121.53977,25.01728,張家昀、王志惠,9,B,9,7,2024,5,10,
麻雀,2,N,TRUE,,6,H1,G2,121.53977,25.01728,張家昀、王志惠,9,B,9,7,2024,5,10,
XX燕,1,N,TRUE,,6,H1,G2,121.53977,25.01728,張家昀、王志惠,9,B,9,7,2024,5,10,
麻雀,1,N,TRUE,,6,H1,G2,121.53977,25.01728,張家昀、王志惠,9,B,9,18,2024,5,10,
五色鳥,1,N,FALSE,,6,G1,"D2,G2",121.54222,25.01647,張家昀、王志惠,9,B,9,18,2024,5,10,
黃頭鷺,1,N,FALSE,,6,G1,"D2,G2",121.54222,25.01647,張家昀、王志惠,9,B,9,18,2024,5,10,
大卷尾,1,N,FALSE,,6,G1,"D2,G2",121.54222,25.01647,張家昀、王志惠,9,B,9,18,2024,5,10,
白頭翁,2,N,FALSE,,6,G1,"D2,G2",121.54222,25.01647,張家昀、王志惠,9,B,9,18,2024,5,10,
XX八哥,1,N,FALSE,,6,G1,"D2,G2",121.54222,25.01647,張家昀、王志惠,9,B,9,18,2024,5,10,
XX鳩鴿,1,N,FALSE,,6,G1,"D2,G2",121.54222,25.01647,張家昀、王志惠,9,B,9,18,2024,5,10,
白尾八哥,2,N,FALSE,,6,G1,"D2,G2",121.54222,25.01647,張家昀、王志惠,9,B,9,18,2024,5,10,
五色鳥,1,N,FALSE,,6,G1,"D2,G2",121.54222,25.01647,張家昀、王志惠,9,B,9,18,2024,5,10,
白頭翁,1,N,FALSE,,6,G1,"D2,G2",121.54222,25.01647,張家昀、王志惠,9,B,9,18,2024,5,10,
白尾八哥,1,N,FALSE,,6,G1,"D2,G2",121.54222,25.01647,張家昀、王志惠,9,B,9,18,2024,5,10,
麻雀,1,N,TRUE,,6,G2,G2,121.54193,25.01773,張家昀、王志惠,9,B,9,27,2024,5,10,
白頭翁,1,N,TRUE,,6,G2,G2,121.54193,25.01773,張家昀、王志惠,9,B,9,27,2024,5,10,
麻雀,1,N,FALSE,,6,G2,G2,121.54193,25.01773,張家昀、王志惠,9,B,9,27,2024,5,10,
喜鵲,2,N,FALSE,,6,G2,G2,121.54193,25.01773,張家昀、王志惠,9,B,9,27,2024,5,10,
麻雀,1,N,FALSE,,6,G2,G2,121.54193,25.01773,張家昀、王志惠,9,B,9,27,2024,5,10,
麻雀,1,N,FALSE,,6,G2,G2,121.54193,25.01773,張家昀、王志惠,9,B,9,27,2024,5,10,
白頭翁,1,N,FALSE,,6,G2,G2,121.54193,25.01773,張家昀、王志惠,9,B,9,27,2024,5,10,
白尾八哥,1,N,FALSE,,6,G2,G2,121.54193,25.01773,張家昀、王志惠,9,B,9,27,2024,5,10,
家燕,2,N,FALSE,,6,G2,G2,121.54193,25.01773,張家昀、王志惠,9,B,9,27,2024,5,10,
麻雀,3,N,FALSE,,6,G2,G2,121.54193,25.01773,張家昀、王志惠,9,B,9,27,2024,5,10,
家燕,2,N,FALSE,,6,G2,G2,121.54193,25.01773,張家昀、王志惠,9,B,9,27,2024,5,10,
白頭翁,1,N,TRUE,,6,G2,G2,121.54193,25.01773,張家昀、王志惠,9,B,9,27,2024,5,10,
家燕,3,N,FALSE,,6,G2,G2,121.54193,25.01773,張家昀、王志惠,9,B,9,27,2024,5,10,
白頭翁,1,N,FALSE,,6,G2,G2,121.54193,25.01773,張家昀、王志惠,9,B,9,27,2024,5,10,
金背鳩,1,N,FALSE,,6,G2,G2,121.54193,25.01773,張家昀、王志惠,9,B,9,27,2024,5,10,
紅嘴黑鵯,2,N,FALSE,,6,G2,G2,121.54193,25.01773,張家昀、王志惠,9,B,9,27,2024,5,10,
XX燕,1,N,TRUE,,6,G3,G2,121.54222,25.01647,張家昀、王志惠,9,B,9,36,2024,5,10,
白頭翁,2,N,TRUE,,6,G3,G2,121.54222,25.01647,張家昀、王志惠,9,B,9,36,2024,5,10,
XX八哥,1,N,TRUE,,6,G3,G2,121.54222,25.01647,張家昀、王志惠,9,B,9,36,2024,5,10,
XX燕,1,N,TRUE,,6,G3,G2,121.54222,25.01647,張家昀、王志惠,9,B,9,36,2024,5,10,
白尾八哥,1,N,FALSE,,6,G3,G2,121.54222,25.01647,張家昀、王志惠,9,B,9,36,2024,5,10,
白頭翁,2,N,FALSE,,6,G3,G2,121.54222,25.01647,張家昀、王志惠,9,B,9,36,2024,5,10,
xx燕,1,N,TRUE,,6,G3,G2,121.54222,25.01647,張家昀、王志惠,9,B,9,36,2024,5,10,
白尾八哥,2,N,TRUE,,6,G3,G2,121.54222,25.01647,張家昀、王志惠,9,B,9,36,2024,5,10,
白頭翁,1,N,FALSE,,6,G3,G2,121.54222,25.01647,張家昀、王志惠,9,B,9,36,2024,5,10,
麻雀,2,N,FALSE,,6,G3,G2,121.54222,25.01647,張家昀、王志惠,9,B,9,36,2024,5,10,
麻雀,1,N,TRUE,,6,G3,G2,121.54222,25.01647,張家昀、王志惠,9,B,9,36,2024,5,10,
白頭翁,1,N,TRUE,,6,G3,G2,121.54222,25.01647,張家昀、王志惠,9,B,9,36,2024,5,10,
XX燕,1,N,TRUE,,6,H2,"D2,G2",121.53967,25.01611,張家昀,9,B,9,47,2024,5,10,
白尾八哥,2,N,FALSE,,6,H2,"D2,G2",121.53967,25.01611,張家昀,9,B,9,47,2024,5,10,
紅冠水雞,1,N,FALSE,,6,H2,"D2,G2",121.53967,25.01611,張家昀,9,B,9,47,2024,5,10,
XX燕,3,N,TRUE,,6,H2,"D2,G2",121.53967,25.01611,張家昀,9,B,9,47,2024,5,10,
麻雀,1,N,FALSE,,6,H2,"D2,G2",121.53967,25.01611,張家昀,9,B,9,47,2024,5,10,
白頭翁,1,N,TRUE,,6,H2,"D2,G2",121.53967,25.01611,張家昀,9,B,9,47,2024,5,10,
白尾八哥,1,N,FALSE,,6,H2,"D2,G2",121.53967,25.01611,張家昀,9,B,9,47,2024,5,10,
五色鳥,1,N,FALSE,,6,H2,"D2,G2",121.53967,25.01611,張家昀,9,B,9,47,2024,5,10,
白頭翁,2,N,FALSE,,6,H3,"B1,B4",121.54113,25.0154,王志惠,9,B,9,47,2024,5,10,
家燕,1,N,FALSE,,6,H3,"B1,B4",121.54113,25.0154,王志惠,9,B,9,47,2024,5,10,
白尾八哥,1,N,FALSE,,6,H3,"B1,B4",121.54113,25.0154,王志惠,9,B,9,47,2024,5,10,
家燕,2,N,FALSE,,6,H3,"B1,B4",121.54113,25.0154,王志惠,9,B,9,47,2024,5,10,
金背鳩,1,N,FALSE,,6,H3,"B1,B4",121.54113,25.0154,王志惠,9,B,9,47,2024,5,10,
斯氏繡眼,2,N,FALSE,,6,H3,"B1,B4",121.54113,25.0154,王志惠,9,B,9,47,2024,5,10,
白頭翁,2,N,FALSE,,6,H3,"B1,B4",121.54113,25.0154,王志惠,9,B,9,47,2024,5,10,
黑領椋鳥,2,N,TRUE,,6,H3,"B1,B4",121.54113,25.0154,王志惠,9,B,9,47,2024,5,10,
白頭翁,2,N,FALSE,,6,H3,"B1,B4",121.54113,25.0154,王志惠,9,B,9,47,2024,5,10,
綠繡眼,1,N,FALSE,,6,H3,"B1,B4",121.54113,25.0154,王志惠,9,B,9,47,2024,5,10,
家八哥,1,N,FALSE,,6,H3,"B1,B4",121.54113,25.0154,王志惠,9,B,9,47,2024,5,10,
白尾八哥,2,N,TRUE,,6,H3,"B1,B4",121.54113,25.0154,王志惠,9,B,9,47,2024,5,10,
黑領椋鳥,1,N,FALSE,,6,G1,"D2,G2",121.54222,25.01647,曾欣婕、藍彥龍,9,B,17,30,2024,5,14,
白頭翁,1,N,FALSE,,6,G1,"D2,G2",121.54222,25.01647,曾欣婕、藍彥龍,9,B,17,30,2024,5,14,
五色鳥,1,N,FALSE,,6,G1,"D2,G2",121.54222,25.01647,曾欣婕、藍彥龍,9,B,17,30,2024,5,14,
喜鵲,1,N,FALSE,,6,G1,"D2,G2",121.54222,25.01647,曾欣婕、藍彥龍,9,B,17,30,2024,5,14,
白頭翁,1,N,TRUE,,6,G1,"D2,G2",121.54222,25.01647,曾欣婕、藍彥龍,9,B,17,30,2024,5,14,
白頭翁,1,N,FALSE,,6,G1,"D2,G2",121.54222,25.01647,曾欣婕、藍彥龍,9,B,17,30,2024,5,14,
黑領椋鳥,3,N,FALSE,,6,G2,G2,121.54193,25.01773,曾欣婕、藍彥龍,9,B,17,39,2024,5,14,
白頭翁,1,N,FALSE,,6,G2,G2,121.54193,25.01773,曾欣婕、藍彥龍,9,B,17,39,2024,5,14,
斯氏繡眼,1,N,FALSE,,6,G2,G2,121.54193,25.01773,曾欣婕、藍彥龍,9,B,17,39,2024,5,14,
家燕,1,N,TRUE,,6,G2,G2,121.54193,25.01773,曾欣婕、藍彥龍,9,B,17,39,2024,5,14,
黑冠麻鷺,1,N,FALSE,,6,G2,G2,121.54193,25.01773,曾欣婕、藍彥龍,9,B,17,39,2024,5,14,
XX鳩鴿,2,N,TRUE,,6,G2,G2,121.54193,25.01773,曾欣婕、藍彥龍,9,B,17,39,2024,5,14,
白頭翁,1,N,FALSE,,6,G2,G2,121.54193,25.01773,曾欣婕、藍彥龍,9,B,17,39,2024,5,14,
白頭翁,1,N,FALSE,,6,G2,G2,121.54193,25.01773,曾欣婕、藍彥龍,9,B,17,39,2024,5,14,
家燕,1,N,TRUE,,6,G2,G2,121.54193,25.01773,曾欣婕、藍彥龍,9,B,17,39,2024,5,14,
白頭翁,2,N,FALSE,,6,G2,G2,121.54193,25.01773,曾欣婕、藍彥龍,9,B,17,39,2024,5,14,
麻雀,1,N,TRUE,,6,G2,G2,121.54193,25.01773,曾欣婕、藍彥龍,9,B,17,39,2024,5,14,
家燕,1,N,TRUE,,6,G2,G2,121.54193,25.01773,曾欣婕、藍彥龍,9,B,17,39,2024,5,14,
XX八哥,2,N,TRUE,,6,G2,G2,121.54193,25.01773,曾欣婕、藍彥龍,9,B,17,39,2024,5,14,
五色鳥,1,N,FALSE,,6,G3,G2,121.54222,25.01647,曾欣婕、藍彥龍,9,B,17,47,2024,5,14,
白頭翁,1,N,FALSE,,6,G3,G2,121.54222,25.01647,曾欣婕、藍彥龍,9,B,17,47,2024,5,14,
XX鷺,2,N,TRUE,,6,G3,G2,121.54222,25.01647,曾欣婕、藍彥龍,9,B,17,47,2024,5,14,
家燕,2,N,TRUE,,6,G3,G2,121.54222,25.01647,曾欣婕、藍彥龍,9,B,17,47,2024,5,14,
白頭翁,1,N,TRUE,,6,G3,G2,121.54222,25.01647,曾欣婕、藍彥龍,9,B,17,47,2024,5,14,
麻雀,3,N,FALSE,,6,G3,G2,121.54222,25.01647,曾欣婕、藍彥龍,9,B,17,47,2024,5,14,
家燕,1,N,TRUE,,6,G3,G2,121.54222,25.01647,曾欣婕、藍彥龍,9,B,17,47,2024,5,14,
五色鳥,1,N,FALSE,,6,G3,G2,121.54222,25.01647,曾欣婕、藍彥龍,9,B,17,47,2024,5,14,
金背鳩,1,N,FALSE,,6,G3,G2,121.54222,25.01647,曾欣婕、藍彥龍,9,B,17,47,2024,5,14,
白頭翁,1,N,FALSE,,6,G3,G2,121.54222,25.01647,曾欣婕、藍彥龍,9,B,17,47,2024,5,14,
樹鵲,1,N,FALSE,,6,G3,G2,121.54222,25.01647,曾欣婕、藍彥龍,9,B,17,47,2024,5,14,
黑領椋鳥,3,N,FALSE,,6,G3,G2,121.54222,25.01647,曾欣婕、藍彥龍,9,B,17,47,2024,5,14,
喜鵲,1,N,FALSE,,6,G3,G2,121.54222,25.01647,曾欣婕、藍彥龍,9,B,17,47,2024,5,14,
白尾八哥,1,N,FALSE,,6,G3,G2,121.54222,25.01647,曾欣婕、藍彥龍,9,B,17,47,2024,5,14,
白頭翁,1,N,FALSE,,6,G3,G2,121.54222,25.01647,曾欣婕、藍彥龍,9,B,17,47,2024,5,14,
斯氏繡眼,1,N,FALSE,,6,G3,G2,121.54222,25.01647,曾欣婕、藍彥龍,9,B,17,47,2024,5,14,
麻雀,2,N,FALSE,,6,G3,G2,121.54222,25.01647,曾欣婕、藍彥龍,9,B,17,47,2024,5,14,
鵲鴝,1,N,FALSE,,6,G3,G2,121.54222,25.01647,曾欣婕、藍彥龍,9,B,17,47,2024,5,14,
白尾八哥,1,N,FALSE,,6,G3,G2,121.54222,25.01647,曾欣婕、藍彥龍,9,B,17,47,2024,5,14,
麻雀,1,N,FALSE,,6,G3,G2,121.54222,25.01647,曾欣婕、藍彥龍,9,B,17,47,2024,5,14,
麻雀,1,N,FALSE,,6,G3,G2,121.54222,25.01647,曾欣婕、藍彥龍,9,B,17,47,2024,5,14,
白頭翁,1,N,FALSE,,6,G3,G2,121.54222,25.01647,曾欣婕、藍彥龍,9,B,17,47,2024,5,14,
家燕,3,N,FALSE,,6,G3,G2,121.54222,25.01647,曾欣婕、藍彥龍,9,B,17,47,2024,5,14,
五色鳥,1,N,FALSE,,6,G3,G2,121.54222,25.01647,曾欣婕、藍彥龍,9,B,17,47,2024,5,14,
白尾八哥,1,N,FALSE,,6,G3,G2,121.54222,25.01647,曾欣婕、藍彥龍,9,B,17,47,2024,5,14,
白頭翁,1,N,TRUE,,6,G3,G2,121.54222,25.01647,曾欣婕、藍彥龍,9,B,17,47,2024,5,14,
麻雀,1,N,FALSE,,6,G3,G2,121.54222,25.01647,曾欣婕、藍彥龍,9,B,17,47,2024,5,14,
白尾八哥,1,N,TRUE,,6,G3,G2,121.54222,25.01647,曾欣婕、藍彥龍,9,B,17,47,2024,5,14,
麻雀,1,N,FALSE,,6,G3,G2,121.54222,25.01647,曾欣婕、藍彥龍,9,B,17,47,2024,5,14,
白尾八哥,1,N,TRUE,,6,G3,G2,121.54222,25.01647,曾欣婕、藍彥龍,9,B,17,47,2024,5,14,
白頭翁,1,N,FALSE,,6,H3,"B1,B4",121.54113,25.0154,曾欣婕、藍彥龍,9,B,17,59,2024,5,14,
麻雀,1,N,FALSE,,6,H3,"B1,B4",121.54113,25.0154,曾欣婕、藍彥龍,9,B,17,59,2024,5,14,
白頭翁,1,N,FALSE,,6,H3,"B1,B4",121.54113,25.0154,曾欣婕、藍彥龍,9,B,17,59,2024,5,14,
樹鵲,1,N,FALSE,,6,H3,"B1,B4",121.54113,25.0154,曾欣婕、藍彥龍,9,B,17,59,2024,5,14,
白頭翁,1,N,TRUE,,6,H3,"B1,B4",121.54113,25.0154,曾欣婕、藍彥龍,9,B,17,59,2024,5,14,
夜鷺,1,N,TRUE,,6,H3,"B1,B4",121.54113,25.0154,曾欣婕、藍彥龍,9,B,17,59,2024,5,14,
家燕,1,N,TRUE,,6,H3,"B1,B4",121.54113,25.0154,曾欣婕、藍彥龍,9,B,17,59,2024,5,14,
綠鳩,2,N,FALSE,,6,H3,"B1,B4",121.54113,25.0154,曾欣婕、藍彥龍,9,B,17,59,2024,5,14,
白頭翁,1,N,FALSE,,6,H3,"B1,B4",121.54113,25.0154,曾欣婕、藍彥龍,9,B,17,59,2024,5,14,
家燕,1,N,TRUE,,6,H3,"B1,B4",121.54113,25.0154,曾欣婕、藍彥龍,9,B,17,59,2024,5,14,
白頭翁,1,N,FALSE,,6,H3,"B1,B4",121.54113,25.0154,曾欣婕、藍彥龍,9,B,17,59,2024,5,14,
白頭翁,1,N,TRUE,,6,H3,"B1,B4",121.54113,25.0154,曾欣婕、藍彥龍,9,B,17,59,2024,5,14,
白尾八哥,1,N,TRUE,,6,H3,"B1,B4",121.54113,25.0154,曾欣婕、藍彥龍,9,B,17,59,2024,5,14,
家八哥,3,N,FALSE,,6,H3,"B1,B4",121.54113,25.0154,曾欣婕、藍彥龍,9,B,17,59,2024,5,14,
白頭翁,1,N,FALSE,,6,H3,"B1,B4",121.54113,25.0154,曾欣婕、藍彥龍,9,B,17,59,2024,5,14,
白頭翁,5,Y,FALSE,,6,H3,"B1,B4",121.54113,25.0154,曾欣婕、藍彥龍,9,B,17,59,2024,5,14,
白頭翁,2,N,FALSE,,6,H3,"B1,B4",121.54113,25.0154,曾欣婕、藍彥龍,9,B,17,59,2024,5,14,
XX鷺,1,N,TRUE,,6,H3,"B1,B4",121.54113,25.0154,曾欣婕、藍彥龍,9,B,17,59,2024,5,14,
白頭翁,3,N,FALSE,,6,H3,"B1,B4",121.54113,25.0154,曾欣婕、藍彥龍,9,B,17,59,2024,5,14,
白頭翁,1,N,FALSE,,6,H3,"B1,B4",121.54113,25.0154,曾欣婕、藍彥龍,9,B,17,59,2024,5,14,
白頭翁,3,N,FALSE,,6,H3,"B1,B4",121.54113,25.0154,曾欣婕、藍彥龍,9,B,17,59,2024,5,14,
白頭翁,3,N,TRUE,,6,H3,"B1,B4",121.54113,25.0154,曾欣婕、藍彥龍,9,B,17,59,2024,5,14,
XX八哥,1,N,TRUE,,6,H3,"B1,B4",121.54113,25.0154,曾欣婕、藍彥龍,9,B,17,59,2024,5,14,
麻雀,13,Y,FALSE,,6,H1,G2,121.53977,25.01728,曾欣婕、藍彥龍,9,B,18,10,2024,5,14,
喜鵲,3,N,FALSE,,6,H1,G2,121.53977,25.01728,曾欣婕、藍彥龍,9,B,18,10,2024,5,14,
白頭翁,1,N,TRUE,,6,H1,G2,121.53977,25.01728,曾欣婕、藍彥龍,9,B,18,10,2024,5,14,
XX八哥,8,Y,TRUE,,6,H1,G2,121.53977,25.01728,曾欣婕、藍彥龍,9,B,18,10,2024,5,14,
白頭翁,1,N,TRUE,,6,H1,G2,121.53977,25.01728,曾欣婕、藍彥龍,9,B,18,10,2024,5,14,
金背鳩,1,N,TRUE,,6,H1,G2,121.53977,25.01728,曾欣婕、藍彥龍,9,B,18,10,2024,5,14,
金背鳩,1,N,FALSE,,6,H1,G2,121.53977,25.01728,曾欣婕、藍彥龍,9,B,18,10,2024,5,14,
麻雀,1,N,FALSE,,6,H1,G2,121.53977,25.01728,曾欣婕、藍彥龍,9,B,18,10,2024,5,14,
XX鳩鴿,1,N,TRUE,,6,H1,G2,121.53977,25.01728,曾欣婕、藍彥龍,9,B,18,10,2024,5,14,
金背鳩,2,N,TRUE,,6,H1,G2,121.53977,25.01728,曾欣婕、藍彥龍,9,B,18,10,2024,5,14,
麻雀,1,N,FALSE,,6,H1,G2,121.53977,25.01728,曾欣婕、藍彥龍,9,B,18,10,2024,5,14,
白尾八哥,1,N,FALSE,,6,H3,"B1,B4",121.54113,25.0154,曾欣婕、藍彥龍,9,B,18,19,2024,5,14,
白頭翁,1,N,FALSE,,6,H3,"B1,B4",121.54113,25.0154,曾欣婕、藍彥龍,9,B,18,19,2024,5,14,
家燕,1,N,TRUE,,6,H3,"B1,B4",121.54113,25.0154,曾欣婕、藍彥龍,9,B,18,19,2024,5,14,
家燕,1,N,TRUE,,6,H3,"B1,B4",121.54113,25.0154,曾欣婕、藍彥龍,9,B,18,19,2024,5,14,
家八哥,4,N,FALSE,,6,H3,"B1,B4",121.54113,25.0154,曾欣婕、藍彥龍,9,B,18,19,2024,5,14,
夜鷺,1,N,FALSE,,6,H3,"B1,B4",121.54113,25.0154,曾欣婕、藍彥龍,9,B,18,19,2024,5,14,
洋燕,1,N,FALSE,,6,H3,"B1,B4",121.54113,25.0154,曾欣婕、藍彥龍,9,B,18,19,2024,5,14,
家八哥,7,Y,TRUE,,6,H3,"B1,B4",121.54113,25.0154,曾欣婕、藍彥龍,9,B,18,19,2024,5,14,
白頭翁,1,N,TRUE,,6,H3,"B1,B4",121.54113,25.0154,曾欣婕、藍彥龍,9,B,18,19,2024,5,14,
XX八哥,2,N,TRUE,,6,H3,"B1,B4",121.54113,25.0154,曾欣婕、藍彥龍,9,B,18,19,2024,5,14,
家燕,1,N,TRUE,,6,H3,"B1,B4",121.54113,25.0154,曾欣婕、藍彥龍,9,B,18,19,2024,5,14,
白腹秧雞,1,N,FALSE,,6,H3,"B1,B4",121.54113,25.0154,曾欣婕、藍彥龍,9,B,18,19,2024,5,14,
家八哥,1,N,FALSE,,6,G3,G2,121.54222,25.01647,張家昀、藍彥龍,10,B,16,36,2024,5,15,
白頭翁,1,N,TRUE,,6,G3,G2,121.54222,25.01647,張家昀、藍彥龍,10,B,16,36,2024,5,15,
白頭翁,1,N,FALSE,,6,G3,G2,121.54222,25.01647,張家昀、藍彥龍,10,B,16,36,2024,5,15,
綠繡眼,3,N,FALSE,,6,G3,G2,121.54222,25.01647,張家昀、藍彥龍,10,B,16,36,2024,5,15,
白頭翁,1,N,FALSE,,6,G3,G2,121.54222,25.01647,張家昀、藍彥龍,10,B,16,36,2024,5,15,
麻雀,2,N,FALSE,,6,G3,G2,121.54222,25.01647,張家昀、藍彥龍,10,B,16,36,2024,5,15,
金背鳩,1,N,FALSE,,6,G3,G2,121.54222,25.01647,張家昀、藍彥龍,10,B,16,36,2024,5,15,
家燕,3,N,FALSE,,6,G2,G2,121.54193,25.01773,張家昀、藍彥龍,10,B,16,46,2024,5,15,
金背鳩,1,N,FALSE,,6,G2,G2,121.54193,25.01773,張家昀、藍彥龍,10,B,16,46,2024,5,15,
五色鳥,1,N,FALSE,,6,G2,G2,121.54193,25.01773,張家昀、藍彥龍,10,B,16,46,2024,5,15,
金背鳩,1,N,FALSE,,6,G2,G2,121.54193,25.01773,張家昀、藍彥龍,10,B,16,46,2024,5,15,
XX八哥,2,N,TRUE,,6,G2,G2,121.54193,25.01773,張家昀、藍彥龍,10,B,16,46,2024,5,15,
紅嘴黑鵯,1,N,FALSE,,6,G2,G2,121.54193,25.01773,張家昀、藍彥龍,10,B,16,46,2024,5,15,
XX八哥,1,N,TRUE,,6,G1,"D2,G2",121.54222,25.01647,張家昀、藍彥龍,10,B,16,54,2024,5,15,
白頭翁,2,N,FALSE,,6,G1,"D2,G2",121.54222,25.01647,張家昀、藍彥龍,10,B,16,54,2024,5,15,